id,rank,city1,city2,route_code,total_passengers,route_weight,route_weight_percent,cumulative_weight_percent
1,1,MUMBAI,DELHI,BOM-DEL,5615919,,4.1285,4.1285
2,2,BENGALURU,DELHI,BLR-DEL,4464481,,3.282,7.4105
3,3,BENGALURU,MUMBAI,BLR-BOM,3661784,,2.6919,10.1024
4,4,DELHI,SRINAGAR,DEL-SXR,2801904,,2.0598,12.1622
5,5,DELHI,KOLKATA,DEL-CCU,2703923,,1.9878,14.15
6,6,DELHI,HYDERABAD,DEL-HYD,2597824,,1.9098,16.0597
7,7,DELHI,PUNE,DEL-PNQ,2531937,,1.8613,17.9211
8,8,MUMBAI,DABOLIM,BOM-GOI,2264690,,1.6649,19.5859
9,9,MUMBAI,CHENNAI,BOM-MAA,2105442,,1.5478,21.1337
10,10,AHMEDABAD,DELHI,AMD-DEL,2089638,,1.5362,22.6699
11,11,CHENNAI,DELHI,MAA-DEL,2046372,,1.5044,24.1743
12,12,DABOLIM,DELHI,GOI-DEL,1958864,,1.44,25.6143
13,13,AHMEDABAD,MUMBAI,AMD-BOM,1833733,,1.348,26.9624
14,14,BENGALURU,HYDERABAD,BLR-HYD,1793506,,1.3185,28.2808
15,15,BENGALURU,KOLKATA,BLR-CCU,1742822,,1.2812,29.562
16,16,MUMBAI,HYDERABAD,BOM-HYD,1685488,,1.2391,30.8011
17,17,MUMBAI,KOLKATA,BOM-CCU,1597185,,1.1742,31.9753
18,18,DELHI,PATNA,DEL-PAT,1530125,,1.1249,33.1001
19,19,BENGALURU,PUNE,BLR-PNQ,1512916,,1.1122,34.2123
20,20,DELHI,GUWAHATI,DEL-GAU,1489773,,1.0952,35.3075
21,21,BENGALURU,KOCHI,BLR-COK,1421433,,1.045,36.3525
22,22,DELHI,LUCKNOW,DEL-LKO,1343142,,0.9874,37.3399
23,23,BENGALURU,CHENNAI,BLR-MAA,1142125,,0.8396,38.1795
24,24,CHENNAI,HYDERABAD,MAA-HYD,1111849,,0.8174,38.9969
25,25,MUMBAI,JAIPUR,BOM-JAI,1085525,,0.798,39.7949
26,26,BHUBANESWAR,DELHI,BBI-DEL,1040330,,0.7648,40.5597
27,27,BENGALURU,DABOLIM,BLR-GOI,1009161,,0.7419,41.3015
28,28,BAGDOGRA,DELHI,IXB-DEL,1006062,,0.7396,42.0411
29,29,GUWAHATI,KOLKATA,GAU-CCU,952144,,0.7,42.7411
30,30,AHMEDABAD,BENGALURU,AMD-BLR,932175,,0.6853,43.4264
31,31,KOCHI,DELHI,COK-DEL,930614,,0.6841,44.1105
32,32,HYDERABAD,KOLKATA,HYD-CCU,908499,,0.6679,44.7784
33,33,DELHI,LEH,DEL-IXL,905093,,0.6654,45.4437
34,34,DABOLIM,HYDERABAD,GOI-HYD,897568,,0.6598,46.1036
35,35,DELHI,RANCHI,DEL-IXR,897432,,0.6597,46.7633
36,36,CHENNAI,KOLKATA,MAA-CCU,867566,,0.6378,47.4011
37,37,AGARTALA,KOLKATA,IXA-CCU,842198,,0.6191,48.0202
38,38,MUMBAI,CHANDIGARH,BOM-IXC,830684,,0.6107,48.6309
39,39,AMRITSAR,DELHI,ATQ-DEL,826633,,0.6077,49.2386
40,40,DELHI,JAMMU,DEL-IXJ,825338,,0.6067,49.8453
41,41,MUMBAI,LUCKNOW,BOM-LKO,821506,,0.6039,50.4492
42,42,CHENNAI,COIMBATORE,MAA-CJB,792434,,0.5825,51.0318
43,43,MUMBAI,KOCHI,BOM-COK,787069,,0.5786,51.6104
44,44,DELHI,VARANASI,DEL-VNS,758909,,0.5579,52.1683
45,45,MUMBAI,NAGPUR,BOM-NAG,756945,,0.5565,52.7248
46,46,DELHI,INDORE,DEL-IDR,753163,,0.5537,53.2784
47,47,CHANDIGARH,DELHI,IXC-DEL,751072,,0.5521,53.8306
48,48,DELHI,RAIPUR,DEL-RPR,720361,,0.5296,54.3602
49,49,HYDERABAD,VISAKHAPATNAM,HYD-VTZ,716416,,0.5267,54.8868
50,50,BENGALURU,LUCKNOW,BLR-LKO,635996,,0.4675,55.3544
51,51,DELHI,JAIPUR,DEL-JAI,625051,,0.4595,55.8139
52,52,BAGDOGRA,KOLKATA,IXB-CCU,616683,,0.4533,56.2672
53,53,MUMBAI,VARANASI,BOM-VNS,612857,,0.4505,56.7177
54,54,DEHRADUN,DELHI,DED-DEL,607179,,0.4464,57.1641
55,55,BENGALURU,BHUBANESWAR,BLR-BBI,591603,,0.4349,57.599
56,56,MUMBAI,INDORE,BOM-IDR,585302,,0.4303,58.0293
57,57,HYDERABAD,TIRUPATI,HYDERABAD-TIRUPATI,580686,,0.4269,58.4562
58,58,BENGALURU,GUWAHATI,BLR-GAU,573337,,0.4215,58.8777
59,59,DELHI,UDAIPUR,DEL-UDR,554773,,0.4078,59.2855
60,60,BHUBANESWAR,MUMBAI,BBI-BOM,543046,,0.3992,59.6847
61,61,BENGALURU,JAIPUR,BLR-JAI,541874,,0.3984,60.0831
62,62,DELHI,NAGPUR,DEL-NAG,529181,,0.389,60.4721
63,63,MUMBAI,UDAIPUR,BOM-UDR,529042,,0.3889,60.861
64,64,CHENNAI,PUNE,MAA-PNQ,528165,,0.3883,61.2493
65,65,CHENNAI,KOCHI,MAA-COK,524041,,0.3852,61.6345
66,66,BENGALURU,VISAKHAPATNAM,BLR-VTZ,523593,,0.3849,62.0194
67,67,BENGALURU,PATNA,BLR-PAT,506891,,0.3726,62.3921
68,68,MUMBAI,MANGALORE,BOM-IXE,496193,,0.3648,62.7568
69,69,BENGALURU,MANGALORE,BLR-IXE,494296,,0.3634,63.1202
70,70,JAMMU,SRINAGAR,IXJ-SXR,493544,,0.3628,63.483
71,71,BHUBANESWAR,KOLKATA,BBI-CCU,491922,,0.3616,63.8447
72,72,BHOPAL,DELHI,BHO-DEL,487624,,0.3585,64.2032
73,73,KOCHI,HYDERABAD,COK-HYD,486391,,0.3576,64.5607
74,74,MUMBAI,PATNA,BOM-PAT,485208,,0.3567,64.9174
75,75,DELHI,VISAKHAPATNAM,DEL-VTZ,476750,,0.3505,65.2679
76,76,DELHI,SURAT,DEL-STV,475030,,0.3492,65.6171
77,77,DELHI,VADODARA,DEL-BDQ,464931,,0.3418,65.9589
78,78,KOLKATA,PORT BLAIR,CCU-IXZ,461229,,0.3391,66.298
79,79,BENGALURU,TRIVANDRUM,BLR-TRV,454450,,0.3341,66.632
80,80,BENGALURU,RANCHI,BLR-IXR,441464,,0.3245,66.9566
81,81,AHMEDABAD,KOLKATA,AMD-CCU,440533,,0.3239,67.2804
82,82,CHENNAI,PORT BLAIR,MAA-IXZ,438784,,0.3226,67.603
83,83,AHMEDABAD,PUNE,AMD-PNQ,437805,,0.3218,67.9249
84,84,AHMEDABAD,DABOLIM,AMD-GOI,422926,,0.3109,68.2358
85,85,COIMBATORE,HYDERABAD,CJB-HYD,420433,,0.3091,68.5448
86,86,AHMEDABAD,HYDERABAD,AMD-HYD,418891,,0.3079,68.8528
87,87,GUWAHATI,IMPHAL,GAU-IMF,417685,,0.3071,69.1598
88,88,HYDERABAD,PUNE,HYD-PNQ,417158,,0.3067,69.4665
89,89,NAGPUR,PUNE,NAG-PNQ,412119,,0.303,69.7695
90,90,HYDERABAD,JAIPUR,HYD-JAI,411158,,0.3023,70.0717
91,91,KOLKATA,PUNE,CCU-PNQ,403661,,0.2967,70.3685
92,92,MUMBAI,RAIPUR,BOM-RPR,394516,,0.29,70.6585
93,93,BENGALURU,CHANDIGARH,BLR-IXC,393382,,0.2892,70.9477
94,94,BAGDOGRA,BENGALURU,IXB-BLR,391825,,0.288,71.2357
95,95,MUMBAI,SRINAGAR,BOM-SXR,384263,,0.2825,71.5182
96,96,MUMBAI,COIMBATORE,BOM-CJB,377295,,0.2774,71.7956
97,97,IMPHAL,KOLKATA,IMF-CCU,362217,,0.2663,72.0619
98,98,AMRITSAR,MUMBAI,ATQ-BOM,357910,,0.2631,72.325
99,99,CHENNAI,MADURAI,MAA-IXM,350169,,0.2574,72.5824
100,100,COIMBATORE,DELHI,CJB-DEL,344875,,0.2535,72.8359
101,101,BENGALURU,VARANASI,BLR-VNS,343357,,0.2524,73.0884
102,102,JAIPUR,KOLKATA,JAI-CCU,342771,,0.252,73.3403
103,103,MUMBAI,GUWAHATI,BOM-GAU,338864,,0.2491,73.5895
104,104,MUMBAI,DEHRADUN,BOM-DED,338253,,0.2487,73.8381
105,105,MUMBAI,RANCHI,BOM-IXR,334656,,0.246,74.0841
106,106,BHUBANESWAR,HYDERABAD,BBI-HYD,332937,,0.2448,74.3289
107,107,MUMBAI,VADODARA,BOM-BDQ,326862,,0.2403,74.5692
108,108,DELHI,TRIVANDRUM,DEL-TRV,326141,,0.2398,74.8089
109,109,MUMBAI,RAJKOT,MUMBAI-RAJKOT,323275,,0.2377,75.0466
110,110,CHENNAI,TRIVANDRUM,MAA-TRV,321578,,0.2364,75.283
111,111,DELHI,RAJKOT,DELHI-RAJKOT,319921,,0.2352,75.5182
112,112,BHOPAL,MUMBAI,BHO-BOM,317493,,0.2334,75.7516
113,113,BENGALURU,NAGPUR,BLR-NAG,314442,,0.2312,75.9827
114,114,CHENNAI,GUWAHATI,MAA-GAU,306891,,0.2256,76.2083
115,115,DELHI,GORAKHPUR,DELHI-GORAKHPUR,306005,,0.225,76.4333
116,116,MUMBAI,TRIVANDRUM,BOM-TRV,305793,,0.2248,76.6581
117,117,AHMEDABAD,CHENNAI,AMD-MAA,299597,,0.2202,76.8783
118,118,BENGALURU,INDORE,BLR-IDR,297376,,0.2186,77.097
119,119,BENGALURU,COIMBATORE,BLR-CJB,297269,,0.2185,77.3155
120,120,HYDERABAD,INDORE,HYD-IDR,280452,,0.2062,77.5217
121,121,CHANDIGARH,SRINAGAR,IXC-SXR,269914,,0.1984,77.7201
122,122,MUMBAI,JODHPUR,BOM-JDH,269498,,0.1981,77.9182
123,123,KOLKATA,LUCKNOW,CCU-LKO,268892,,0.1977,78.1159
124,124,HYDERABAD,VIJAYAWADA,HYDERABAD-VIJAYAWADA,262740,,0.1932,78.309
125,125,CHENNAI,VISAKHAPATNAM,MAA-VTZ,262652,,0.1931,78.5021
126,126,DELHI,JODHPUR,DEL-JDH,254559,,0.1871,78.6893
127,127,HYDERABAD,RAJAHMUNDRY,HYDERABAD-RAJAHMUNDRY,254356,,0.187,78.8762
128,128,KOLKATA,PATNA,CCU-PAT,251957,,0.1852,79.0615
129,129,JAIPUR,PUNE,JAI-PNQ,244152,,0.1795,79.241
130,130,HYDERABAD,VARANASI,HYD-VNS,242199,,0.1781,79.419
131,131,BAGDOGRA,MUMBAI,IXB-BOM,239302,,0.1759,79.5949
132,132,DELHI,DIBRUGARH,DELHI-DIBRUGARH,238060,,0.175,79.7699
133,133,HYDERABAD,LUCKNOW,HYD-LKO,237434,,0.1745,79.9445
134,134,DELHI,SHIRDI,DELHI-SHIRDI,234625,,0.1725,80.117
135,135,HYDERABAD,PATNA,HYD-PAT,233449,,0.1716,80.2886
136,136,KOLKATA,SILCHAR,KOLKATA-SILCHAR,232850,,0.1712,80.4598
137,137,CHANDIGARH,HYDERABAD,IXC-HYD,223270,,0.1641,80.6239
138,138,BENGALURU,RAIPUR,BLR-RPR,223250,,0.1641,80.788
139,139,DELHI,IMPHAL,DEL-IMF,217490,,0.1599,80.9479
140,140,BENGALURU,VIJAYAWADA,BENGALURU-VIJAYAWADA,215680,,0.1586,81.1065
141,141,KOLKATA,RAIPUR,CCU-RPR,214270,,0.1575,81.264
142,142,AURANGABAD,MUMBAI,AURANGABAD-MUMBAI,213443,,0.1569,81.4209
143,143,AHMEDABAD,CHANDIGARH,AMD-IXC,210388,,0.1547,81.5755
144,144,HYDERABAD,RAIPUR,HYD-RPR,208278,,0.1531,81.7287
145,145,AHMEDABAD,LUCKNOW,AMD-LKO,207164,,0.1523,81.881
146,146,MUMBAI,MADURAI,BOM-IXM,206168,,0.1516,82.0325
147,147,MUMBAI,GORAKHPUR,MUMBAI-GORAKHPUR,205759,,0.1513,82.1838
148,148,AHMEDABAD,JAIPUR,AMD-JAI,204061,,0.15,82.3338
149,149,DELHI,VIJAYAWADA,DELHI-VIJAYAWADA,203422,,0.1495,82.4833
150,150,DIBRUGARH,KOLKATA,DIBRUGARH-KOLKATA,198907,,0.1462,82.6296
151,151,DABOLIM,PUNE,GOI-PNQ,194610,,0.1431,82.7726
152,152,AURANGABAD,DELHI,AURANGABAD-DELHI,192750,,0.1417,82.9143
153,153,BHUBANESWAR,CHENNAI,BBI-MAA,189073,,0.139,83.0533
154,154,MUMBAI,KOZHIKODE,MUMBAI-KOZHIKODE,188566,,0.1386,83.1919
155,155,HYDERABAD,SHIRDI,HYDERABAD-SHIRDI,181705,,0.1336,83.3255
156,156,AGARTALA,GUWAHATI,IXA-GAU,175662,,0.1291,83.4547
157,157,DELHI,KOZHIKODE,DELHI-KOZHIKODE,175375,,0.1289,83.5836
158,158,DARBHANGA,DELHI,DARBHANGA-DELHI,175121,,0.1287,83.7123
159,159,DELHI,JABALPUR,DELHI-JABALPUR,173819,,0.1278,83.8401
160,160,MUMBAI,VISAKHAPATNAM,BOM-VTZ,173515,,0.1276,83.9677
161,161,CHENNAI,TIRUCHIRAPALLY,CHENNAI-TIRUCHIRAPALLY,173443,,0.1275,84.0952
162,162,DABOLIM,LUCKNOW,GOI-LKO,166828,,0.1226,84.2178
163,163,DABOLIM,KOLKATA,GOI-CCU,163605,,0.1203,84.3381
164,164,CHENNAI,SHIRDI,CHENNAI-SHIRDI,161923,,0.119,84.4571
165,165,BENGALURU,DARBHANGA,BENGALURU-DARBHANGA,161386,,0.1186,84.5758
166,166,PATNA,PUNE,PAT-PNQ,161322,,0.1186,84.6943
167,167,BENGALURU,SHIRDI,BENGALURU-SHIRDI,161053,,0.1184,84.8127
168,168,BENGALURU,PORT BLAIR,BLR-IXZ,158749,,0.1167,84.9294
169,169,CHENNAI,TUTICORIN,CHENNAI-TUTICORIN,158185,,0.1163,85.0457
170,170,CHENNAI,DABOLIM,MAA-GOI,157065,,0.1155,85.1612
171,171,GOA,BENGALURU,GOI-BLR,154665,,0.1137,85.2749
172,172,BENGALURU,SURAT,BLR-STV,148897,,0.1095,85.3844
173,173,DELHI,DHARAMSALA,DELHI-DHARAMSALA,147750,,0.1086,85.493
174,174,MUMBAI,DARBHANGA,MUMBAI-DARBHANGA,147685,,0.1086,85.6015
175,175,AMRITSAR,SRINAGAR,ATQ-SXR,146854,,0.108,85.7095
176,176,CHANDIGARH,DABOLIM,IXC-GOI,145563,,0.107,85.8165
177,177,MUMBAI,KANPUR,MUMBAI-KANPUR,143123,,0.1052,85.9217
178,178,AIZAWL,KOLKATA,AIZAWL-KOLKATA,143043,,0.1052,86.0269
179,179,KOLKATA,RANCHI,CCU-IXR,142889,,0.105,86.1319
180,180,BENGALURU,DEHRADUN,BLR-DED,141232,,0.1038,86.2358
181,181,HYDERABAD,RANCHI,HYD-IXR,140060,,0.103,86.3387
182,182,AHMEDABAD,VARANASI,AMD-VNS,138591,,0.1019,86.4406
183,183,AHMEDABAD,PATNA,AMD-PAT,137850,,0.1013,86.5419
184,184,BENGALURU,MADURAI,BLR-IXM,137726,,0.1012,86.6432
185,185,BAGDOGRA,CHENNAI,IXB-MAA,137241,,0.1009,86.7441
186,186,BENGALURU,VADODARA,BLR-BDQ,132035,,0.0971,86.8411
187,187,HYDERABAD,VADODARA,HYD-BDQ,131510,,0.0967,86.9378
188,188,DIMAPUR,KOLKATA,DIMAPUR-KOLKATA,130647,,0.096,87.0339
189,189,DABOLIM,SURAT,GOI-STV,130222,,0.0957,87.1296
190,190,GUWAHATI,JAIPUR,GAU-JAI,129222,,0.095,87.2246
191,191,ALLAHABAD,DELHI,ALLAHABAD-DELHI,127990,,0.0941,87.3187
192,192,BHUBANESWAR,PUNE,BBI-PNQ,125309,,0.0921,87.4108
193,193,HYDERABAD,TRIVANDRUM,HYD-TRV,124188,,0.0913,87.5021
194,194,GUWAHATI,HYDERABAD,GAU-HYD,121608,,0.0894,87.5915
195,195,AGARTALA,DELHI,IXA-DEL,119482,,0.0878,87.6793
196,196,GOA,MUMBAI,GOI-BOM,118679,,0.0872,87.7666
197,197,BAGDOGRA,HYDERABAD,IXB-HYD,118489,,0.0871,87.8537
198,198,CHENNAI,JODHPUR,MAA-JDH,118250,,0.0869,87.9406
199,199,KOCHI,PUNE,COK-PNQ,117297,,0.0862,88.0268
200,200,AHMEDABAD,DEHRADUN,AMD-DED,116635,,0.0857,88.1126
201,201,HYDERABAD,MADURAI,HYD-IXM,115841,,0.0852,88.1977
202,202,KOLKATA,VARANASI,CCU-VNS,115158,,0.0847,88.2824
203,203,MUMBAI,JAMMU,BOM-IXJ,114797,,0.0844,88.3668
204,204,INDORE,PUNE,IDR-PNQ,113852,,0.0837,88.4505
205,205,DELHI,DURGAPUR,DELHI-DURGAPUR,113847,,0.0837,88.5342
206,206,KOLKATA,SURAT,CCU-STV,113845,,0.0837,88.6179
208,208,CHENNAI,JAIPUR,MAA-JAI,113422,,0.0834,88.7847
209,209,PUNE,RANCHI,PNQ-IXR,112029,,0.0824,88.8671
210,210,KOLKATA,NAGPUR,CCU-NAG,111704,,0.0821,88.9492
211,211,CHANDIGARH,PUNE,IXC-PNQ,111419,,0.0819,89.0311
212,212,DELHI,MADURAI,DEL-IXM,110923,,0.0815,89.1127
213,213,KOLKATA,VISAKHAPATNAM,CCU-VTZ,109869,,0.0808,89.1934
214,214,AIZAWL,GUWAHATI,AIZAWL-GUWAHATI,109817,,0.0807,89.2742
215,215,INDORE,RAIPUR,IDR-RPR,109557,,0.0805,89.3547
216,216,BENGALURU,DURGAPUR,BENGALURU-DURGAPUR,109286,,0.0803,89.435
217,217,BENGALURU,HUBLI,BENGALURU-HUBLI,109245,,0.0803,89.5153
218,218,MUMBAI,KANNUR,MUMBAI-KANNUR,106631,,0.0784,89.5937
219,219,CHENNAI,DURGAPUR,CHENNAI-DURGAPUR,106012,,0.0779,89.6717
220,220,BENGALURU,TIRUCHIRAPALLY,BENGALURU-TIRUCHIRAPALLY,105923,,0.0779,89.7495
221,221,BENGALURU,BHOPAL,BLR-BHO,103854,,0.0763,89.8259
222,222,CHANDIGARH,CHENNAI,IXC-MAA,103299,,0.0759,89.9018
223,223,HYDERABAD,SURAT,HYD-STV,102997,,0.0757,89.9775
224,224,DEHRADUN,LUCKNOW,DED-LKO,102742,,0.0755,90.0531
225,225,LUCKNOW,PUNE,LKO-PNQ,102470,,0.0753,90.1284
226,226,MUMBAI,JABALPUR,MUMBAI-JABALPUR,102108,,0.0751,90.2035
227,227,DELHI,GAYA,DELHI-GAYA,101725,,0.0748,90.2782
228,228,DELHI,JHARSUGUDA,DELHI-JHARSUGUDA,100629,,0.074,90.3522
229,229,DEHRADUN,HYDERABAD,DED-HYD,100201,,0.0737,90.4259
230,230,MUMBAI,JAMNAGAR,MUMBAI-JAMNAGAR,99114,,0.0729,90.4987
231,231,CHENNAI,VIJAYAWADA,CHENNAI-VIJAYAWADA,98783,,0.0726,90.5714
232,232,GORAKHPUR,HYDERABAD,GORAKHPUR-HYDERABAD,98345,,0.0723,90.6437
233,233,ALLAHABAD,MUMBAI,ALLAHABAD-MUMBAI,98274,,0.0722,90.7159
234,234,HYDERABAD,MANGALORE,HYD-IXE,98076,,0.0721,90.788
235,235,DELHI,PORT BLAIR,DEL-IXZ,97700,,0.0718,90.8598
236,236,MUMBAI,DURGAPUR,MUMBAI-DURGAPUR,96717,,0.0711,90.9309
237,237,KOCHI,KOLKATA,COK-CCU,96330,,0.0708,91.0017
238,238,AMRITSAR,KOLKATA,ATQ-CCU,96185,,0.0707,91.0725
239,239,BENGALURU,KOZHIKODE,BENGALURU-KOZHIKODE,95978,,0.0706,91.143
240,240,HYDERABAD,UDAIPUR,HYD-UDR,95678,,0.0703,91.2133
241,241,INDORE,KOLKATA,IDR-CCU,95369,,0.0701,91.2835
242,242,AGARTALA,BENGALURU,IXA-BLR,95169,,0.07,91.3534
243,243,CHENNAI,LUCKNOW,MAA-LKO,93211,,0.0685,91.4219
244,244,CHENNAI,RANCHI,MAA-IXR,93180,,0.0685,91.4904
245,245,JAMMU,LEH,IXJ-IXL,93015,,0.0684,91.5588
246,246,BENGALURU,JODHPUR,BLR-JDH,92476,,0.068,91.6268
247,247,BENGALURU,UDAIPUR,BLR-UDR,91788,,0.0675,91.6943
248,248,CHANDIGARH,JAIPUR,IXC-JAI,91750,,0.0674,91.7617
249,249,BENGALURU,RAJKOT,BENGALURU-RAJKOT,91684,,0.0674,91.8291
250,250,GUWAHATI,SILCHAR,GUWAHATI-SILCHAR,91245,,0.0671,91.8962
251,251,BENGALURU,RAJAHMUNDRY,BENGALURU-RAJAHMUNDRY,89976,,0.0661,91.9624
252,252,BENGALURU,KANNUR,BENGALURU-KANNUR,89195,,0.0656,92.0279
253,253,DARBHANGA,HYDERABAD,DARBHANGA-HYDERABAD,89099,,0.0655,92.0934
254,254,CHENNAI,PATNA,MAA-PAT,88954,,0.0654,92.1588
255,255,LUCKNOW,PATNA,LKO-PAT,88426,,0.065,92.2238
256,256,GUWAHATI,PUNE,GAU-PNQ,88178,,0.0648,92.2886
257,257,JORHAT,KOLKATA,JORHAT-KOLKATA,86946,,0.0639,92.3526
258,258,COIMBATORE,PUNE,CJB-PNQ,86571,,0.0636,92.4162
259,259,DIBRUGARH,GUWAHATI,DIBRUGARH-GUWAHATI,86422,,0.0635,92.4797
260,260,AMRITSAR,PUNE,ATQ-PNQ,86289,,0.0634,92.5432
261,261,ALLAHABAD,BENGALURU,ALLAHABAD-BENGALURU,86170,,0.0633,92.6065
262,262,PATNA,RANCHI,PAT-IXR,85737,,0.063,92.6695
263,263,CHANDIGARH,PATNA,IXC-PAT,84968,,0.0625,92.732
264,264,DABOLIM,INDORE,GOI-IDR,84940,,0.0624,92.7945
265,265,CHANDIGARH,LUCKNOW,IXC-LKO,84266,,0.0619,92.8564
266,266,GUWAHATI,LUCKNOW,GAU-LKO,83689,,0.0615,92.9179
267,267,CHENNAI,VARANASI,MAA-VNS,81949,,0.0602,92.9782
268,268,HYDERABAD,TIRUCHIRAPALLY,HYDERABAD-TIRUCHIRAPALLY,80557,,0.0592,93.0374
269,269,LEH,SRINAGAR,IXL-SXR,80420,,0.0591,93.0965
271,271,GUWAHATI,PATNA,GAU-PAT,80210,,0.059,93.2145
272,272,AHMEDABAD,NAGPUR,AMD-NAG,79990,,0.0588,93.2733
273,273,AHMEDABAD,KOCHI,AMD-COK,79986,,0.0588,93.3321
274,274,DABOLIM,JAIPUR,GOI-JAI,79189,,0.0582,93.3903
275,275,LUCKNOW,RANCHI,LKO-IXR,78476,,0.0577,93.448
276,276,JAIPUR,SURAT,JAI-STV,78409,,0.0576,93.5056
277,277,CHANDIGARH,KOLKATA,IXC-CCU,76326,,0.0561,93.5617
278,278,DABOLIM,NAGPUR,GOI-NAG,72944,,0.0536,93.6153
279,279,BENGALURU,KANPUR,BENGALURU-KANPUR,72443,,0.0533,93.6686
280,280,DURGAPUR,HYDERABAD,DURGAPUR-HYDERABAD,71051,,0.0522,93.7208
281,281,HYDERABAD,MYSORE,HYDERABAD-MYSORE,70808,,0.0521,93.7729
282,282,AURANGABAD,HYDERABAD,AURANGABAD-HYDERABAD,69299,,0.0509,93.8238
283,283,CHENNAI,SURAT,MAA-STV,69175,,0.0509,93.8747
284,284,HYDERABAD,JODHPUR,HYD-JDH,68557,,0.0504,93.9251
285,285,DARBHANGA,KOLKATA,DARBHANGA-KOLKATA,68361,,0.0503,93.9753
286,286,AMRITSAR,BENGALURU,ATQ-BLR,67591,,0.0497,94.025
287,287,BELGAUM,BENGALURU,BELGAUM-BENGALURU,66899,,0.0492,94.0742
288,288,AHMEDABAD,INDORE,AMD-IDR,65790,,0.0484,94.1226
289,289,CHENNAI,INDORE,MAA-IDR,65630,,0.0482,94.1708
290,290,DELHI,DIMAPUR,DELHI-DIMAPUR,65256,,0.048,94.2188
291,291,AHMEDABAD,BAGDOGRA,AMD-IXB,64136,,0.0471,94.2659
292,292,BENGALURU,KALABURAGI,BENGALURU-KALABURAGI,63851,,0.0469,94.3129
293,293,BELGAUM,HYDERABAD,BELGAUM-HYDERABAD,62603,,0.046,94.3589
294,294,CHENNAI,KOZHIKODE,CHENNAI-KOZHIKODE,62296,,0.0458,94.4047
295,295,DELHI,NASIK,DELHI-NASIK,62073,,0.0456,94.4503
296,296,BAREILLY,MUMBAI,BAREILLY-MUMBAI,61788,,0.0454,94.4957
297,297,CHENNAI,RAIPUR,MAA-RPR,60754,,0.0447,94.5404
298,298,BAGDOGRA,DIBRUGARH,BAGDOGRA-DIBRUGARH,60191,,0.0442,94.5847
299,299,DELHI,GWALIOR,DELHI-GWALIOR,59972,,0.0441,94.6287
300,300,HYDERABAD,SRINAGAR,HYD-SXR,59854,,0.044,94.6727
301,301,HYDERABAD,KOLHAPUR,HYDERABAD-KOLHAPUR,59729,,0.0439,94.7167
302,302,DEHRADUN,JAIPUR,DED-JAI,59497,,0.0437,94.7604
303,303,BHUBANESWAR,PATNA,BBI-PAT,59144,,0.0435,94.8039
304,304,AGRA,BENGALURU,AGRA-BENGALURU,58588,,0.0431,94.8469
305,305,DELHI,DEOGHAR,DELHI-DEOGHAR,58154,,0.0428,94.8897
306,306,PUNE,TRIVANDRUM,PNQ-TRV,58065,,0.0427,94.9324
307,307,DELHI,MANGALORE,DEL-IXE,57967,,0.0426,94.975
308,308,MUMBAI,KANDLA,MUMBAI-KANDLA,56099,,0.0412,95.0162
309,309,BENGALURU,GWALIOR,BENGALURU-GWALIOR,55831,,0.041,95.0573
310,310,DELHI,TIRUPATI,DELHI-TIRUPATI,55128,,0.0405,95.0978
311,311,DELHI,JAISALMER,DELHI-JAISALMER,55125,,0.0405,95.1383
312,312,INDORE,JAIPUR,IDR-JAI,54790,,0.0403,95.1786
313,313,BELGAUM,DELHI,BELGAUM-DELHI,54646,,0.0402,95.2188
314,314,BHOPAL,HYDERABAD,BHO-HYD,54468,,0.04,95.2588
315,315,HYDERABAD,PORT BLAIR,HYD-IXZ,54460,,0.04,95.2989
316,316,AHMEDABAD,BHUBANESWAR,AMD-BBI,54127,,0.0398,95.3387
317,317,DELHI,PANTNAGAR,DELHI-PANTNAGAR,52888,,0.0389,95.3775
318,318,HYDERABAD,NAGPUR,HYD-NAG,52357,,0.0385,95.416
319,319,HYDERABAD,JABALPUR,HYDERABAD-JABALPUR,52071,,0.0383,95.4543
320,320,HYDERABAD,PONDICHERRY,HYDERABAD-PONDICHERRY,51236,,0.0377,95.492
321,321,MUMBAI,TIRUPATI,MUMBAI-TIRUPATI,51097,,0.0376,95.5295
322,322,BAREILLY,BENGALURU,BAREILLY-BENGALURU,51094,,0.0376,95.5671
323,323,GAYA,KOLKATA,GAYA-KOLKATA,50628,,0.0372,95.6043
324,324,PUNE,RAIPUR,PNQ-RPR,49865,,0.0367,95.641
325,325,CHENNAI,NAGPUR,MAA-NAG,49710,,0.0365,95.6775
326,326,INDORE,NAGPUR,IDR-NAG,49098,,0.0361,95.7136
327,327,AHMEDABAD,AMRITSAR,AMD-ATQ,48683,,0.0358,95.7494
328,328,CHENNAI,MYSORE,CHENNAI-MYSORE,48550,,0.0357,95.7851
329,329,CHENNAI,MANGALORE,MAA-IXE,48505,,0.0357,95.8207
330,330,INDORE,LUCKNOW,IDR-LKO,48400,,0.0356,95.8563
331,331,CHENNAI,RAJAHMUNDRY,CHENNAI-RAJAHMUNDRY,48116,,0.0354,95.8917
332,332,MUMBAI,HUBLI,MUMBAI-HUBLI,47816,,0.0352,95.9268
333,333,BENGALURU,TIRUPATI,BENGALURU-TIRUPATI,47697,,0.0351,95.9619
334,334,GORAKHPUR,KOLKATA,GORAKHPUR-KOLKATA,47629,,0.035,95.9969
335,335,JAIPUR,LUCKNOW,JAI-LKO,47052,,0.0346,96.0315
336,336,HYDERABAD,KOZHIKODE,HYDERABAD-KOZHIKODE,47015,,0.0346,96.0661
338,338,AMRITSAR,DABOLIM,ATQ-GOI,46910,,0.0345,96.1351
339,339,BELGAUM,MUMBAI,BELGAUM-MUMBAI,46869,,0.0345,96.1696
340,340,KOCHI,TRIVANDRUM,COK-TRV,46373,,0.0341,96.2036
341,341,AHMEDABAD,RAIPUR,AMD-RPR,46148,,0.0339,96.2376
342,342,TIRUPATI,VISAKHAPATNAM,TIRUPATI-VISAKHAPATNAM,45576,,0.0335,96.2711
343,343,HYDERABAD,KANNUR,HYDERABAD-KANNUR,45041,,0.0331,96.3042
344,344,AHMEDABAD,RANCHI,AMD-IXR,44900,,0.033,96.3372
345,345,DABOLIM,RAIPUR,GOI-RPR,44881,,0.033,96.3702
346,346,AIZAWL,DELHI,AIZAWL-DELHI,44658,,0.0328,96.403
347,347,VIJAYAWADA,VISAKHAPATNAM,VIJAYAWADA-VISAKHAPATNAM,44311,,0.0326,96.4356
348,348,CHENNAI,KANNUR,CHENNAI-KANNUR,44232,,0.0325,96.4681
349,349,LUCKNOW,NAGPUR,LKO-NAG,44082,,0.0324,96.5005
350,350,MUMBAI,GWALIOR,MUMBAI-GWALIOR,43795,,0.0322,96.5327
351,351,KOCHI,KANNUR,KOCHI-KANNUR,43697,,0.0321,96.5648
352,352,AHMEDABAD,BHOPAL,AMD-BHO,43457,,0.0319,96.5968
353,353,BHUBANESWAR,JAIPUR,BBI-JAI,43453,,0.0319,96.6287
354,354,DELHI,HUBLI,DELHI-HUBLI,43421,,0.0319,96.6606
355,355,ALLAHABAD,RAIPUR,ALLAHABAD-RAIPUR,42849,,0.0315,96.6921
356,356,ALLAHABAD,PUNE,ALLAHABAD-PUNE,42711,,0.0314,96.7235
357,357,JAIPUR,UDAIPUR,JAI-UDR,42450,,0.0312,96.7548
358,358,AGATTI ISLAND,KOCHI,AGATTI ISLAND-KOCHI,41885,,0.0308,96.7855
359,359,BENGALURU,TUTICORIN,BENGALURU-TUTICORIN,41291,,0.0304,96.8159
360,360,CHENNAI,HUBLI,CHENNAI-HUBLI,41174,,0.0303,96.8462
361,361,BHAVNAGAR,MUMBAI,BHAVNAGAR-MUMBAI,41150,,0.0303,96.8764
362,362,JABALPUR,PUNE,JABALPUR-PUNE,41077,,0.0302,96.9066
363,363,KANNUR,TRIVANDRUM,KANNUR-TRIVANDRUM,40668,,0.0299,96.9365
364,364,BHUBANESWAR,VARANASI,BBI-VNS,40584,,0.0298,96.9663
365,365,HUBLI,HYDERABAD,HUBLI-HYDERABAD,40430,,0.0297,96.9961
366,366,KOLHAPUR,TIRUPATI,KOLHAPUR-TIRUPATI,40354,,0.0297,97.0257
367,367,GOA,CHANDIGARH,GOI-IXC,40353,,0.0297,97.0554
368,368,MUMBAI,DIU,MUMBAI-DIU,39992,,0.0294,97.0848
369,369,DELHI,SILCHAR,DELHI-SILCHAR,39922,,0.0293,97.1141
370,370,JHARSUGUDA,KOLKATA,JHARSUGUDA-KOLKATA,39407,,0.029,97.1431
371,371,BHUBANESWAR,RAIPUR,BBI-RPR,38814,,0.0285,97.1716
372,372,DELHI,KANPUR,DELHI-KANPUR,38625,,0.0284,97.2
373,373,ALLAHABAD,BHUBANESWAR,ALLAHABAD-BHUBANESWAR,38582,,0.0284,97.2284
374,374,INDORE,JABALPUR,INDORE-JABALPUR,38581,,0.0284,97.2568
375,375,INDORE,JAMMU,IDR-IXJ,37744,,0.0277,97.2845
376,376,BENGALURU,SRINAGAR,BLR-SXR,37713,,0.0277,97.3122
377,377,KOLKATA,SHILLONG,KOLKATA-SHILLONG,37142,,0.0273,97.3395
378,378,AMRITSAR,LUCKNOW,ATQ-LKO,36924,,0.0271,97.3667
379,379,GOA,AHMEDABAD,GOI-AMD,36921,,0.0271,97.3938
380,380,AGRA,MUMBAI,AGRA-MUMBAI,36516,,0.0268,97.4207
381,381,KOLKATA,SRINAGAR,CCU-SXR,36349,,0.0267,97.4474
382,382,CHANDIGARH,LEH,IXC-IXL,36313,,0.0267,97.4741
383,383,BHOPAL,RAIPUR,BHO-RPR,35966,,0.0264,97.5005
384,384,ALLAHABAD,INDORE,ALLAHABAD-INDORE,35947,,0.0264,97.527
385,385,BAGDOGRA,GUWAHATI,IXB-GAU,35645,,0.0262,97.5532
386,386,MUMBAI,PORT BLAIR,BOM-IXZ,35406,,0.026,97.5792
387,387,AGARTALA,IMPHAL,IXA-IMF,34186,,0.0251,97.6043
388,388,LUCKNOW,RAIPUR,LKO-RPR,33715,,0.0248,97.6291
389,389,HYDERABAD,CUDDAPAH,HYDERABAD-CUDDAPAH,33552,,0.0247,97.6538
390,390,DEHRADUN,PUNE,DED-PNQ,33521,,0.0246,97.6784
391,391,MUMBAI,MALVAN,MUMBAI-MALVAN,33497,,0.0246,97.703
392,392,ALLAHABAD,DEHRADUN,ALLAHABAD-DEHRADUN,33241,,0.0244,97.7275
393,393,AHMEDABAD,JODHPUR,AMD-JDH,32671,,0.024,97.7515
394,394,DIMAPUR,GUWAHATI,DIMAPUR-GUWAHATI,32014,,0.0235,97.775
395,395,JODHPUR,KOLKATA,JDH-CCU,31923,,0.0235,97.7985
396,396,KOLKATA,RUPSI,KOLKATA-RUPSI,31482,,0.0231,97.8216
397,397,DELHI,KANNUR,DELHI-KANNUR,31040,,0.0228,97.8445
398,398,BHUBANESWAR,JHARSUGUDA,BHUBANESWAR-JHARSUGUDA,30753,,0.0226,97.8671
399,399,TIRUPATI,VIJAYAWADA,TIRUPATI-VIJAYAWADA,30662,,0.0225,97.8896
400,400,BHUJ,MUMBAI,BHUJ-MUMBAI,30436,,0.0224,97.912
401,401,PORT BLAIR,VISAKHAPATNAM,IXZ-VTZ,30370,,0.0223,97.9343
402,402,BENGALURU,PONDICHERRY,BENGALURU-PONDICHERRY,30106,,0.0221,97.9564
403,403,BENGALURU,JABALPUR,BENGALURU-JABALPUR,29971,,0.022,97.9785
404,404,HYDERABAD,JAGDALPUR,HYDERABAD-JAGDALPUR,29911,,0.022,98.0005
405,405,MUMBAI,JAISALMER,MUMBAI-JAISALMER,29597,,0.0218,98.0222
406,406,AMRITSAR,PATNA,ATQ-PAT,29260,,0.0215,98.0437
407,407,JAGDALPUR,RAIPUR,JAGDALPUR-RAIPUR,28972,,0.0213,98.065
408,408,BAREILLY,DELHI,BAREILLY-DELHI,28689,,0.0211,98.0861
409,409,BHAVNAGAR,PUNE,BHAVNAGAR-PUNE,28688,,0.0211,98.1072
410,410,AGARTALA,DIBRUGARH,AGARTALA-DIBRUGARH,28498,,0.021,98.1282
411,411,DABOLIM,RAJKOT,DABOLIM-RAJKOT,28111,,0.0207,98.1488
412,412,MANGALORE,PUNE,IXE-PNQ,27542,,0.0202,98.1691
413,413,DEHRADUN,KOLKATA,DED-CCU,27527,,0.0202,98.1893
414,414,DELHI,KHAJURAHO,DELHI-KHAJURAHO,27494,,0.0202,98.2095
415,415,HYDERABAD,NASIK,HYDERABAD-NASIK,27150,,0.02,98.2295
416,416,MUMBAI,LEH,BOM-IXL,26854,,0.0197,98.2492
418,418,BIKANER,DELHI,BIKANER-DELHI,26738,,0.0197,98.2885
419,419,ITANAGAR,KOLKATA,ITANAGAR-KOLKATA,26736,,0.0197,98.3082
420,420,DELHI,KANDLA,DELHI-KANDLA,26260,,0.0193,98.3275
421,421,AGARTALA,CHENNAI,IXA-MAA,26082,,0.0192,98.3467
422,422,DABOLIM,MYSORE,DABOLIM-MYSORE,25892,,0.019,98.3657
423,423,DELHI,JORHAT,DELHI-JORHAT,25581,,0.0188,98.3845
424,424,DIBRUGARH,IMPHAL,DIBRUGARH-IMPHAL,25520,,0.0188,98.4033
425,425,DIMAPUR,IMPHAL,DIMAPUR-IMPHAL,25359,,0.0186,98.4219
426,426,BENGALURU,GORAKHPUR,BENGALURU-GORAKHPUR,25241,,0.0186,98.4405
427,427,AHMEDABAD,JAMMU,AMD-IXJ,25074,,0.0184,98.4589
428,428,GUWAHATI,JORHAT,GUWAHATI-JORHAT,24860,,0.0183,98.4772
429,429,HYDERABAD,JHARSUGUDA,HYDERABAD-JHARSUGUDA,23973,,0.0176,98.4948
430,430,KOLKATA,LILABARI,KOLKATA-LILABARI,23882,,0.0176,98.5124
431,431,BHUBANESWAR,RANCHI,BBI-IXR,23826,,0.0175,98.5299
432,432,CHANDIGARH,GUWAHATI,IXC-GAU,23671,,0.0174,98.5473
433,433,BENGALURU,JHARSUGUDA,BENGALURU-JHARSUGUDA,23596,,0.0173,98.5646
434,434,ALLAHABAD,LUCKNOW,ALLAHABAD-LUCKNOW,23310,,0.0171,98.5818
435,435,AHMEDABAD,COIMBATORE,AMD-CJB,22826,,0.0168,98.5985
436,436,DELHI,TIRUCHIRAPALLY,DELHI-TIRUCHIRAPALLY,22742,,0.0167,98.6153
437,437,PUNE,TIRUPATI,PUNE-TIRUPATI,22628,,0.0166,98.6319
438,438,DELHI,KUSHINAGAR,DELHI-KUSHINAGAR,22546,,0.0166,98.6485
439,439,CHANDIGARH,DHARAMSALA,CHANDIGARH-DHARAMSALA,22543,,0.0166,98.665
440,440,INDORE,JODHPUR,IDR-JDH,21997,,0.0162,98.6812
441,441,GOA,CHENNAI,GOI-MAA,20973,,0.0154,98.6966
443,443,ALLAHABAD,GORAKHPUR,ALLAHABAD-GORAKHPUR,20514,,0.0151,98.7271
444,444,CHENNAI,DEHRADUN,MAA-DED,20500,,0.0151,98.7422
445,445,BENGALURU,DIMAPUR,BENGALURU-DIMAPUR,20380,,0.015,98.7571
446,446,AHMEDABAD,BELGAUM,AHMEDABAD-BELGAUM,20349,,0.015,98.7721
447,447,MUMBAI,SURAT,BOM-STV,20022,,0.0147,98.7868
448,448,GWALIOR,HYDERABAD,GWALIOR-HYDERABAD,19652,,0.0144,98.8013
449,449,KOCHI,DABOLIM,COK-GOI,19585,,0.0144,98.8157
450,450,GWALIOR,INDORE,GWALIOR-INDORE,18844,,0.0139,98.8295
451,451,CHENNAI,VADODARA,MAA-BDQ,18390,,0.0135,98.843
452,452,ALLAHABAD,BHOPAL,ALLAHABAD-BHOPAL,18323,,0.0135,98.8565
453,453,KISHANGARH,DELHI,KISHANGARH-DELHI,17585,,0.0129,98.8694
454,454,GUWAHATI,RUPSI,GUWAHATI-RUPSI,17418,,0.0128,98.8822
455,455,BENGALURU,JAMMU,BLR-IXJ,17356,,0.0128,98.895
456,456,IMPHAL,SHILLONG,IMPHAL-SHILLONG,17129,,0.0126,98.9076
457,457,CHENNAI,DIBRUGARH,CHENNAI-DIBRUGARH,17127,,0.0126,98.9202
458,458,AMRITSAR,JAIPUR,ATQ-JAI,16907,,0.0124,98.9326
459,459,GUWAHATI,TEZU,GUWAHATI-TEZU,16884,,0.0124,98.945
460,460,BENGALURU,IMPHAL,BLR-IMF,16775,,0.0123,98.9573
461,461,DEOGHAR,KOLKATA,DEOGHAR-KOLKATA,16717,,0.0123,98.9696
462,462,LUCKNOW,SRINAGAR,LKO-SXR,16662,,0.0122,98.9819
463,463,GWALIOR,KOLKATA,GWALIOR-KOLKATA,15976,,0.0117,98.9936
464,464,DEHRADUN,VARANASI,DED-VNS,15727,,0.0116,99.0052
465,465,PUNE,VISAKHAPATNAM,PNQ-VTZ,15698,,0.0115,99.0167
466,466,MUMBAI,IMPHAL,BOM-IMF,15502,,0.0114,99.0281
467,467,KISHANGARH,HYDERABAD,KISHANGARH-HYDERABAD,15492,,0.0114,99.0395
468,468,BENGALURU,KOLHAPUR,BENGALURU-KOLHAPUR,15378,,0.0113,99.0508
469,469,CHANDIGARH,INDORE,IXC-IDR,15229,,0.0112,99.062
470,470,GORAKHPUR,LUCKNOW,GORAKHPUR-LUCKNOW,15190,,0.0112,99.0732
471,471,AHMEDABAD,KOLHAPUR,AHMEDABAD-KOLHAPUR,15069,,0.0111,99.0843
472,472,AGARTALA,SHILLONG,AGARTALA-SHILLONG,15068,,0.0111,99.0953
473,473,AGRA,AHMEDABAD,AGRA-AHMEDABAD,14917,,0.011,99.1063
474,474,MUMBAI,PORBANDAR,MUMBAI-PORBANDAR,14828,,0.0109,99.1172
475,475,BHOPAL,KOCHI,BHO-COK,14821,,0.0109,99.1281
476,476,KURNOOL,VISAKHAPATNAM,KURNOOL-VISAKHAPATNAM,14708,,0.0108,99.1389
477,477,SHIRDI,TIRUPATI,SHIRDI-TIRUPATI,14611,,0.0107,99.1497
478,478,AHMEDABAD,BHUJ,AHMEDABAD-BHUJ,14551,,0.0107,99.1604
479,479,AIZAWL,IMPHAL,AIZAWL-IMPHAL,14492,,0.0107,99.171
480,480,AHMEDABAD,NASIK,AHMEDABAD-NASIK,14254,,0.0105,99.1815
481,481,MADURAI,TIRUPATI,MADURAI-TIRUPATI,14051,,0.0103,99.1918
482,482,BENGALURU,JORHAT,BENGALURU-JORHAT,14035,,0.0103,99.2021
483,483,BHUBANESWAR,LUCKNOW,BBI-LKO,13954,,0.0103,99.2124
484,484,GHAZIABAD,HUBLI,GHAZIABAD-HUBLI,13660,,0.01,99.2224
485,485,JAIPUR,VARANASI,JAI-VNS,13430,,0.0099,99.2323
486,486,KOLKATA,UDAIPUR,CCU-UDR,13344,,0.0098,99.2421
487,487,AGARTALA,AIZAWL,AGARTALA-AIZAWL,13109,,0.0096,99.2518
488,488,BHUBANESWAR,CHANDIGARH,BBI-IXC,13025,,0.0096,99.2613
489,489,BENGALURU,VIDYANAGAR,BENGALURU-VIDYANAGAR,13012,,0.0096,99.2709
490,490,DEHRADUN,PANTNAGAR,DEHRADUN-PANTNAGAR,12942,,0.0095,99.2804
491,491,KOCHI,MYSORE,KOCHI-MYSORE,12838,,0.0094,99.2898
492,492,RAJAHMUNDRY,VISAKHAPATNAM,RAJAHMUNDRY-VISAKHAPATNAM,12643,,0.0093,99.2991
493,493,NASIK,PUNE,NASIK-PUNE,12256,,0.009,99.3081
494,494,IMPHAL,SILCHAR,IMPHAL-SILCHAR,11933,,0.0088,99.3169
495,495,DELHI,KULLU,DELHI-KULLU,11873,,0.0087,99.3257
496,496,AGRA,LUCKNOW,AGRA-LUCKNOW,11802,,0.0087,99.3343
497,497,LUCKNOW,PANTNAGAR,LUCKNOW-PANTNAGAR,11756,,0.0086,99.343
498,498,HUBLI,MANGALORE,HUBLI-MANGALORE,11674,,0.0086,99.3516
499,499,BHOPAL,PUNE,BHO-PNQ,11514,,0.0085,99.36
500,500,AHMEDABAD,GWALIOR,AHMEDABAD-GWALIOR,11446,,0.0084,99.3684
501,501,HYDERABAD,JAMNAGAR,HYDERABAD-JAMNAGAR,11430,,0.0084,99.3768
502,502,CHENNAI,SRINAGAR,MAA-SXR,11343,,0.0083,99.3852
503,503,COIMBATORE,SURAT,CJB-STV,11325,,0.0083,99.3935
504,504,BENGALURU,KURNOOL,BENGALURU-KURNOOL,11319,,0.0083,99.4018
505,505,JAIPUR,PATNA,JAI-PAT,11303,,0.0083,99.4101
506,506,KOLKATA,TRIVANDRUM,CCU-TRV,11294,,0.0083,99.4184
507,507,COIMBATORE,JAIPUR,CJB-JAI,11236,,0.0083,99.4267
508,508,BENGALURU,JAMNAGAR,BENGALURU-JAMNAGAR,11023,,0.0081,99.4348
509,509,CHENNAI,KURNOOL,CHENNAI-KURNOOL,10987,,0.0081,99.4429
510,510,BELGAUM,PUNE,BELGAUM-PUNE,10919,,0.008,99.4509
511,511,GUWAHATI,PASIGHAT,GUWAHATI-PASIGHAT,10784,,0.0079,99.4588
512,512,DELHI,PAKYONG,DELHI-PAKYONG,10674,,0.0078,99.4667
513,513,AIZAWL,SHILLONG,AIZAWL-SHILLONG,10671,,0.0078,99.4745
514,514,ALLAHABAD,BILASPUR,ALLAHABAD-BILASPUR,10621,,0.0078,99.4823
515,515,HYDERABAD,VIDYANAGAR,HYDERABAD-VIDYANAGAR,10616,,0.0078,99.4901
516,516,CUDDAPAH,VISAKHAPATNAM,CUDDAPAH-VISAKHAPATNAM,10586,,0.0078,99.4979
517,517,BELGAUM,JODHPUR,BELGAUM-JODHPUR,10147,,0.0075,99.5054
518,518,AHMEDABAD,GUWAHATI,AMD-GAU,10009,,0.0074,99.5127
519,519,JHARSUGUDA,RAIPUR,JHARSUGUDA-RAIPUR,9907,,0.0073,99.52
520,520,GUWAHATI,VARANASI,GAU-VNS,9904,,0.0073,99.5273
521,521,BENGALURU,BIDAR,BENGALURU-BIDAR,9890,,0.0073,99.5346
522,522,BHOPAL,CHENNAI,BHO-MAA,9873,,0.0073,99.5418
523,523,RAIPUR,SRINAGAR,RPR-SXR,9803,,0.0072,99.549
524,524,JAIPUR,JAISALMER,JAIPUR-JAISALMER,9719,,0.0071,99.5562
525,525,AHMEDABAD,VISAKHAPATNAM,AMD-VTZ,9523,,0.007,99.5632
526,526,BILASPUR,DELHI,BILASPUR-DELHI,9466,,0.007,99.5701
527,527,CHENNAI,CUDDAPAH,CHENNAI-CUDDAPAH,9448,,0.0069,99.5771
528,528,MUMBAI,DIBRUGARH,MUMBAI-DIBRUGARH,9361,,0.0069,99.584
529,529,BELGAUM,SURAT,BELGAUM-SURAT,9297,,0.0068,99.5908
530,530,COIMBATORE,GUWAHATI,CJB-GAU,9234,,0.0068,99.5976
531,531,KISHANGARH,SURAT,KISHANGARH-SURAT,9232,,0.0068,99.6044
532,532,GONDIA,INDORE,GONDIA-INDORE,9051,,0.0067,99.611
533,533,BILASPUR,JABALPUR,BILASPUR-JABALPUR,8937,,0.0066,99.6176
534,534,AHMEDABAD,UDAIPUR,AMD-UDR,8873,,0.0065,99.6241
535,535,DELHI,SIMLA,DELHI-SIMLA,8839,,0.0065,99.6306
536,536,SHILLONG,SILCHAR,SHILLONG-SILCHAR,8781,,0.0065,99.6371
537,537,BELGAUM,INDORE,BELGAUM-INDORE,8769,,0.0064,99.6435
538,538,DHARAMSALA,JAIPUR,DHARAMSALA-JAIPUR,8717,,0.0064,99.6499
539,539,AGARTALA,AHMEDABAD,IXA-AMD,8453,,0.0062,99.6561
540,540,KISHANGARH,MUMBAI,KISHANGARH-MUMBAI,8382,,0.0062,99.6623
541,541,BENGALURU,MYSORE,BENGALURU-MYSORE,8343,,0.0061,99.6684
542,542,KALABURAGI,TIRUPATI,KALABURAGI-TIRUPATI,8182,,0.006,99.6744
543,543,MUMBAI,KESHOD,MUMBAI-KESHOD,7840,,0.0058,99.6802
544,544,RAJAHMUNDRY,TIRUPATI,RAJAHMUNDRY-TIRUPATI,7740,,0.0057,99.6859
545,545,CHENNAI,DARBHANGA,CHENNAI-DARBHANGA,7727,,0.0057,99.6916
547,547,KOLKATA,MANGALORE,CCU-IXE,7613,,0.0056,99.7028
548,548,IMPHAL,TEZU,IMPHAL-TEZU,7576,,0.0056,99.7084
549,549,BELGAUM,TIRUPATI,BELGAUM-TIRUPATI,7570,,0.0056,99.714
550,550,HYDERABAD,IMPHAL,HYD-IMF,7480,,0.0055,99.7195
551,551,DELHI,JAGDALPUR,DELHI-JAGDALPUR,7441,,0.0055,99.7249
552,552,DEHRADUN,GUWAHATI,DED-GAU,7281,,0.0054,99.7303
553,553,KOLKATA,PAKYONG,KOLKATA-PAKYONG,7255,,0.0053,99.7356
554,554,BHUBANESWAR,ROURKELA,BHUBANESWAR-ROURKELA,7142,,0.0053,99.7409
555,555,GONDIA,HYDERABAD,GONDIA-HYDERABAD,7132,,0.0052,99.7461
556,556,KISHANGARH,INDORE,KISHANGARH-INDORE,6911,,0.0051,99.7512
557,557,PUNE,SURAT,PNQ-STV,6853,,0.005,99.7562
558,558,COIMBATORE,TIRUPATI,COIMBATORE-TIRUPATI,6791,,0.005,99.7612
559,559,BENGALURU,CUDDAPAH,BENGALURU-CUDDAPAH,6715,,0.0049,99.7662
560,560,GHAZIABAD,KALABURAGI,GHAZIABAD-KALABURAGI,6603,,0.0049,99.771
561,561,DELHI,PATHANKOT,DELHI-PATHANKOT,6488,,0.0048,99.7758
562,562,AHMEDABAD,JAISALMER,AHMEDABAD-JAISALMER,6424,,0.0047,99.7805
563,563,GWALIOR,JAMMU,GWALIOR-JAMMU,6345,,0.0047,99.7852
564,564,DIMAPUR,SHILLONG,DIMAPUR-SHILLONG,6177,,0.0045,99.7897
565,565,CUDDAPAH,VIJAYAWADA,CUDDAPAH-VIJAYAWADA,6140,,0.0045,99.7942
566,566,HYDERABAD,JAMMU,HYD-IXJ,6137,,0.0045,99.7987
567,567,BILASPUR,INDORE,BILASPUR-INDORE,5841,,0.0043,99.803
568,568,BELGAUM,NAGPUR,BELGAUM-NAGPUR,5812,,0.0043,99.8073
569,569,HUBLI,MYSORE,HUBLI-MYSORE,5810,,0.0043,99.8116
570,570,CHANDIGARH,KULLU,CHANDIGARH-KULLU,5731,,0.0042,99.8158
571,571,DIBRUGARH,SHILLONG,DIBRUGARH-SHILLONG,5730,,0.0042,99.82
572,572,GORAKHPUR,VARANASI,GORAKHPUR-VARANASI,5724,,0.0042,99.8242
573,573,AGRA,BHOPAL,AGRA-BHOPAL,5638,,0.0041,99.8284
574,574,BELGAUM,NASIK,BELGAUM-NASIK,5612,,0.0041,99.8325
575,575,COIMBATORE,VISAKHAPATNAM,CJB-VTZ,5396,,0.004,99.8365
576,576,MUMBAI,KOLHAPUR,MUMBAI-KOLHAPUR,5340,,0.0039,99.8404
577,577,RAIPUR,VISAKHAPATNAM,RPR-VTZ,5183,,0.0038,99.8442
578,578,BHOPAL,UDAIPUR,BHO-UDR,5182,,0.0038,99.848
579,579,AMRITSAR,CHENNAI,ATQ-MAA,5153,,0.0038,99.8518
580,580,AHMEDABAD,TRIVANDRUM,AMD-TRV,5129,,0.0038,99.8556
581,581,BENGALURU,SILCHAR,BENGALURU-SILCHAR,4846,,0.0036,99.8591
582,582,PATNA,VARANASI,PAT-VNS,4809,,0.0035,99.8627
583,583,AIZAWL,MUMBAI,AIZAWL-MUMBAI,4748,,0.0035,99.8661
584,584,DABOLIM,GUWAHATI,GOI-GAU,4715,,0.0035,99.8696
585,585,KOCHI,RANCHI,COK-IXR,4632,,0.0034,99.873
586,586,AHMEDABAD,DURGAPUR,AHMEDABAD-DURGAPUR,4570,,0.0034,99.8764
587,587,JAIPUR,VADODARA,JAI-BDQ,4471,,0.0033,99.8797
588,588,DELHI,PORBANDAR,DELHI-PORBANDAR,4445,,0.0033,99.8829
589,589,AMRITSAR,GUWAHATI,ATQ-GAU,4412,,0.0032,99.8862
590,590,MUMBAI,GAYA,MUMBAI-GAYA,4203,,0.0031,99.8893
591,591,AMRITSAR,HYDERABAD,ATQ-HYD,4171,,0.0031,99.8923
592,592,GUWAHATI,ITANAGAR,GUWAHATI-ITANAGAR,4166,,0.0031,99.8954
593,593,JAMMU,VARANASI,IXJ-VNS,4026,,0.003,99.8984
594,594,KOCHI,PATNA,COK-PAT,3784,,0.0028,99.9011
595,595,JAIPUR,JODHPUR,JAI-JDH,3784,,0.0028,99.9039
596,596,MUMBAI,DIMAPUR,MUMBAI-DIMAPUR,3659,,0.0027,99.9066
597,597,DURGAPUR,GUWAHATI,DURGAPUR-GUWAHATI,3611,,0.0027,99.9093
598,598,COIMBATORE,KOLKATA,CJB-CCU,3475,,0.0026,99.9118
599,599,MADURAI,VIJAYAWADA,MADURAI-VIJAYAWADA,3421,,0.0025,99.9143
600,600,KOCHI,LUCKNOW,COK-LKO,3031,,0.0022,99.9166
601,601,GUWAHATI,JODHPUR,GAU-JDH,3001,,0.0022,99.9188
602,602,GORAKHPUR,KANPUR,GORAKHPUR-KANPUR,2763,,0.002,99.9208
603,603,JABALPUR,KOLKATA,JABALPUR-KOLKATA,2746,,0.002,99.9228
604,604,VARANASI,VISAKHAPATNAM,VNS-VTZ,2739,,0.002,99.9248
605,605,DIBRUGARH,DIMAPUR,DIBRUGARH-DIMAPUR,2731,,0.002,99.9268
606,606,KOCHI,RAIPUR,COK-RPR,2569,,0.0019,99.9287
607,607,GUWAHATI,LILABARI,GUWAHATI-LILABARI,2569,,0.0019,99.9306
608,608,CHENNAI,NASIK,CHENNAI-NASIK,2549,,0.0019,99.9325
609,609,GUWAHATI,SHILLONG,GUWAHATI-SHILLONG,2528,,0.0019,99.9343
610,610,LUCKNOW,VARANASI,LKO-VNS,2498,,0.0018,99.9362
611,611,COIMBATORE,MANGALORE,CJB-IXE,2470,,0.0018,99.938
612,612,KOCHI,VARANASI,COK-VNS,2424,,0.0018,99.9398
613,613,CHANDIGARH,KOCHI,IXC-COK,2309,,0.0017,99.9415
614,614,GUWAHATI,TEZPUR,GUWAHATI-TEZPUR,2276,,0.0017,99.9432
615,615,AHMEDABAD,SHIRDI,AHMEDABAD-SHIRDI,2262,,0.0017,99.9448
616,616,CHENNAI,JABALPUR,CHENNAI-JABALPUR,2198,,0.0016,99.9464
617,617,BHUBANESWAR,JEYPORE,BHUBANESWAR-JEYPORE,2140,,0.0016,99.948
618,618,HUBLI,PUNE,HUBLI-PUNE,2116,,0.0016,99.9496
619,619,CHANDIGARH,DEHRADUN,IXC-DED,2080,,0.0015,99.9511
620,620,RANCHI,VARANASI,IXR-VNS,1995,,0.0015,99.9526
621,621,MUMBAI,JHARSUGUDA,MUMBAI-JHARSUGUDA,1851,,0.0014,99.9539
622,622,GOA,NASIK,GOA-NASIK,1804,,0.0013,99.9552
623,623,KOLKATA,TEZPUR,KOLKATA-TEZPUR,1797,,0.0013,99.9566
624,624,DELHI,SHILLONG,DELHI-SHILLONG,1790,,0.0013,99.9579
625,625,MUMBAI,SILCHAR,MUMBAI-SILCHAR,1775,,0.0013,99.9592
626,626,JEYPORE,VISAKHAPATNAM,JEYPORE-VISAKHAPATNAM,1756,,0.0013,99.9605
627,627,NAGPUR,NASIK,NAGPUR-NASIK,1711,,0.0013,99.9617
628,628,GOA,AMRITSAR,GOI-ATQ,1568,,0.0012,99.9629
629,629,DABOLIM,KANNUR,DABOLIM-KANNUR,1516,,0.0011,99.964
630,630,MUMBAI,ITANAGAR,MUMBAI-ITANAGAR,1438,,0.0011,99.9651
631,631,AMRITSAR,JAMMU,ATQ-IXJ,1394,,0.001,99.9661
632,632,HYDERABAD,KANPUR,HYDERABAD-KANPUR,1371,,0.001,99.9671
633,633,AGARTALA,VISAKHAPATNAM,IXA-VTZ,1366,,0.001,99.9681
634,634,MUMBAI,PUNE,BOM-PNQ,1354,,0.001,99.9691
635,635,KANNUR,KOZHIKODE,KANNUR-KOZHIKODE,1339,,0.001,99.9701
636,636,JAMMU,KOLKATA,IXJ-CCU,1237,,0.0009,99.971
637,637,DEHRADUN,PATNA,DED-PAT,1201,,0.0009,99.9719
638,638,COIMBATORE,RAIPUR,CJB-RPR,1131,,0.0008,99.9727
639,639,AMRITSAR,CHANDIGARH,ATQ-IXC,1115,,0.0008,99.9735
640,640,COIMBATORE,DABOLIM,CJB-GOI,1105,,0.0008,99.9743
641,641,SHIRDI,VISAKHAPATNAM,SHIRDI-VISAKHAPATNAM,1031,,0.0008,99.9751
642,642,CHANDIGARH,VADODARA,IXC-BDQ,1011,,0.0007,99.9758
643,643,CHENNAI,KANPUR,CHENNAI-KANPUR,999,,0.0007,99.9766
644,644,KHAJURAHO,VARANASI,KHAJURAHO-VARANASI,993,,0.0007,99.9773
645,645,BENGALURU,NASIK,BENGALURU-NASIK,900,,0.0007,99.978
646,646,GOA,KOCHI,GOI-COK,879,,0.0006,99.9786
647,647,DURGAPUR,TRIVANDRUM,DURGAPUR-TRIVANDRUM,817,,0.0006,99.9792
648,648,INDORE,UDAIPUR,IDR-UDR,747,,0.0005,99.9798
649,649,HUBLI,KANNUR,HUBLI-KANNUR,736,,0.0005,99.9803
650,650,GOA,BHUBANESWAR,GOI-BBI,730,,0.0005,99.9808
651,651,LILABARI,SHILLONG,LILABARI-SHILLONG,727,,0.0005,99.9814
652,652,GOA,RANCHI,GOI-IXR,707,,0.0005,99.9819
653,653,JAMSHEDPUR,KOLKATA,JAMSHEDPUR-KOLKATA,706,,0.0005,99.9824
654,654,MANGALORE,RANCHI,IXE-IXR,690,,0.0005,99.9829
655,655,DELHI,ITANAGAR,DELHI-ITANAGAR,637,,0.0005,99.9834
656,656,CHENNAI,GORAKHPUR,CHENNAI-GORAKHPUR,622,,0.0005,99.9838
657,657,SHIRDI,VIJAYAWADA,SHIRDI-VIJAYAWADA,592,,0.0004,99.9843
658,658,GOA,RAJKOT,GOA-RAJKOT,590,,0.0004,99.9847
659,659,JAIPUR,RAJKOT,JAIPUR-RAJKOT,589,,0.0004,99.9851
660,660,GOA,COIMBATORE,GOI-CJB,563,,0.0004,99.9856
661,661,AHMEDABAD,PORT BLAIR,AMD-IXZ,555,,0.0004,99.986
662,662,BHUBANESWAR,DEHRADUN,BBI-DED,552,,0.0004,99.9864
663,663,HUBLI,TIRUPATI,HUBLI-TIRUPATI,540,,0.0004,99.9868
664,664,BHUBANESWAR,JAMSHEDPUR,BHUBANESWAR-JAMSHEDPUR,513,,0.0004,99.9871
665,665,GUWAHATI,UDAIPUR,GAU-UDR,482,,0.0004,99.9875
666,666,COIMBATORE,KOLHAPUR,COIMBATORE-KOLHAPUR,468,,0.0003,99.9878
667,667,DABOLIM,VIJAYAWADA,DABOLIM-VIJAYAWADA,468,,0.0003,99.9882
668,668,PASIGHAT,TEZPUR,PASIGHAT-TEZPUR,467,,0.0003,99.9885
669,669,KOCHI,VISAKHAPATNAM,COK-VTZ,465,,0.0003,99.9889
670,670,INDORE,SHIRDI,INDORE-SHIRDI,443,,0.0003,99.9892
671,671,KULLU,SIMLA,KULLU-SIMLA,442,,0.0003,99.9895
672,672,JAIPUR,RAIPUR,JAI-RPR,437,,0.0003,99.9898
673,673,AGATTI ISLAND,BENGALURU,AGATTI ISLAND-BENGALURU,430,,0.0003,99.9902
674,674,AMRITSAR,DEHRADUN,ATQ-DED,424,,0.0003,99.9905
675,675,COOCH BEHAR,KOLKATA,COOCH BEHAR-KOLKATA,419,,0.0003,99.9908
676,676,AURANGABAD,BENGALURU,AURANGABAD-BENGALURU,417,,0.0003,99.9911
677,677,NASIK,TIRUPATI,NASIK-TIRUPATI,412,,0.0003,99.9914
678,678,LILABARI,TEZPUR,LILABARI-TEZPUR,402,,0.0003,99.9917
679,679,KOLKATA,PASIGHAT,KOLKATA-PASIGHAT,392,,0.0003,99.992
680,680,PUNE,VARANASI,PNQ-VNS,378,,0.0003,99.9922
681,681,NAGPUR,RAIPUR,NAG-RPR,376,,0.0003,99.9925
682,682,KOCHI,COIMBATORE,COK-CJB,358,,0.0003,99.9928
683,683,GOA,VARANASI,GOI-VNS,356,,0.0003,99.993
684,684,COIMBATORE,DURGAPUR,COIMBATORE-DURGAPUR,350,,0.0003,99.9933
685,685,GWALIOR,JABALPUR,GWALIOR-JABALPUR,338,,0.0002,99.9936
686,686,KANNUR,TIRUCHIRAPALLY,KANNUR-TIRUCHIRAPALLY,327,,0.0002,99.9938
687,687,GOA,VISAKHAPATNAM,GOI-VTZ,327,,0.0002,99.994
688,688,TIRUCHIRAPALLY,TIRUPATI,TIRUCHIRAPALLY-TIRUPATI,324,,0.0002,99.9943
689,689,DIBRUGARH,ITANAGAR,DIBRUGARH-ITANAGAR,310,,0.0002,99.9945
690,690,JAIPUR,PANTNAGAR,JAIPUR-PANTNAGAR,309,,0.0002,99.9947
691,691,DHARAMSALA,SIMLA,DHARAMSALA-SIMLA,302,,0.0002,99.9949
692,692,AHMEDABAD,VADODARA,AMD-BDQ,292,,0.0002,99.9952
693,693,CHENNAI,UDAIPUR,MAA-UDR,281,,0.0002,99.9954
694,694,DURGAPUR,VADODARA,DURGAPUR-VADODARA,274,,0.0002,99.9956
695,695,AIZAWL,DIMAPUR,AIZAWL-DIMAPUR,273,,0.0002,99.9958
696,696,BHOPAL,INDORE,BHO-IDR,264,,0.0002,99.996
697,697,AGATTI ISLAND,MYSORE,AGATTI ISLAND-MYSORE,257,,0.0002,99.9962
699,699,AHMEDABAD,SRINAGAR,AMD-SXR,240,,0.0002,99.9965
700,700,BAREILLY,JAIPUR,BAREILLY-JAIPUR,239,,0.0002,99.9967
701,701,BAGDOGRA,RANCHI,IXB-IXR,216,,0.0002,99.9968
702,702,JAIPUR,NAGPUR,JAI-NAG,188,,0.0001,99.997
703,703,COIMBATORE,KOZHIKODE,COIMBATORE-KOZHIKODE,172,,0.0001,99.9971
704,704,KOZHIKODE,TRIVANDRUM,KOZHIKODE-TRIVANDRUM,169,,0.0001,99.9972
705,705,BHOPAL,LUCKNOW,BHO-LKO,160,,0.0001,99.9974
706,706,RANCHI,VISAKHAPATNAM,IXR-VTZ,158,,0.0001,99.9975
707,707,IMPHAL,LUCKNOW,IMF-LKO,155,,0.0001,99.9976
708,708,DEOGHAR,RANCHI,DEOGHAR-RANCHI,152,,0.0001,99.9977
709,709,ITANAGAR,ZIRO,ITANAGAR-ZIRO,147,,0.0001,99.9978
710,710,KANNUR,MANGALORE,KANNUR-MANGALORE,140,,0.0001,99.9979
711,711,ITANAGAR,PASIGHAT,ITANAGAR-PASIGHAT,136,,0.0001,99.998
712,712,BAGDOGRA,SILCHAR,BAGDOGRA-SILCHAR,133,,0.0001,99.9981
713,713,DURGAPUR,KOLKATA,DURGAPUR-KOLKATA,132,,0.0001,99.9982
714,714,DIBRUGARH,TEZU,DIBRUGARH-TEZU,120,,0.0001,99.9983
715,715,DEOGHAR,PATNA,DEOGHAR-PATNA,118,,0.0001,99.9984
716,716,AHMEDABAD,RAJKOT,AHMEDABAD-RAJKOT,115,,0.0001,99.9985
717,717,CHENNAI,TIRUPATI,CHENNAI-TIRUPATI,112,,0.0001,99.9985
718,718,AGARTALA,BHUBANESWAR,IXA-BBI,108,,0.0001,99.9986
719,719,PATNA,TRIVANDRUM,PAT-TRV,104,,0.0001,99.9987
720,720,GORAKHPUR,JAIPUR,GORAKHPUR-JAIPUR,97,,0.0001,99.9988
721,721,SRINAGAR,VARANASI,SXR-VNS,93,,0.0001,99.9988
722,722,AMRITSAR,RAJKOT,AMRITSAR-RAJKOT,86,,0.0001,99.9989
723,723,PATNA,SRINAGAR,PAT-SXR,83,,0.0001,99.999
724,724,KOLKATA,ROURKELA,KOLKATA-ROURKELA,79,,0.0001,99.999
725,725,DEHRADUN,JAMMU,DED-IXJ,68,,0.0,99.9991
726,726,COIMBATORE,MYSORE,COIMBATORE-MYSORE,58,,0.0,99.9991
727,727,DIBRUGARH,ZIRO,DIBRUGARH-ZIRO,57,,0.0,99.9992
728,728,MANGALORE,RAIPUR,IXE-RPR,55,,0.0,99.9992
729,729,RAJAHMUNDRY,VIJAYAWADA,RAJAHMUNDRY-VIJAYAWADA,55,,0.0,99.9992
731,731,KOCHI,INDORE,COK-IDR,48,,0.0,99.9993
732,732,INDORE,TRIVANDRUM,IDR-TRV,47,,0.0,99.9993
733,733,RANCHI,SHILLONG,RANCHI-SHILLONG,43,,0.0,99.9994
734,734,KOCHI,NAGPUR,COK-NAG,40,,0.0,99.9994
735,735,TRIVANDRUM,TUTICORIN,TRIVANDRUM-TUTICORIN,37,,0.0,99.9994
736,736,BHUBANESWAR,GUWAHATI,BBI-GAU,35,,0.0,99.9995
737,737,BHOPAL,BILASPUR,BHOPAL-BILASPUR,34,,0.0,99.9995
738,738,KOCHI,KOZHIKODE,KOCHI-KOZHIKODE,34,,0.0,99.9995
739,739,DABOLIM,DARBHANGA,DABOLIM-DARBHANGA,32,,0.0,99.9995
740,740,KANNUR,VARANASI,KANNUR-VARANASI,31,,0.0,99.9996
741,741,MUMBAI,VIJAYAWADA,MUMBAI-VIJAYAWADA,30,,0.0,99.9996
742,742,CHENNAI,RAJKOT,CHENNAI-RAJKOT,29,,0.0,99.9996
743,743,DIMAPUR,LILABARI,DIMAPUR-LILABARI,29,,0.0,99.9996
744,744,NAGPUR,VARANASI,NAG-VNS,28,,0.0,99.9996
745,745,AHMEDABAD,PANTNAGAR,AHMEDABAD-PANTNAGAR,26,,0.0,99.9997
746,746,ALLAHABAD,JABALPUR,ALLAHABAD-JABALPUR,26,,0.0,99.9997
747,747,LILABARI,ZIRO,LILABARI-ZIRO,26,,0.0,99.9997
748,748,DIBRUGARH,PASIGHAT,DIBRUGARH-PASIGHAT,25,,0.0,99.9997
749,749,KOLKATA,VADODARA,CCU-BDQ,25,,0.0,99.9997
750,750,BHUBANESWAR,KOCHI,BBI-COK,22,,0.0,99.9998
751,751,PORT BLAIR,PUNE,IXZ-PNQ,21,,0.0,99.9998
752,752,DIBRUGARH,LILABARI,DIBRUGARH-LILABARI,20,,0.0,99.9998
753,753,JAIPUR,LEH,JAI-IXL,20,,0.0,99.9998
755,755,JABALPUR,JAIPUR,JABALPUR-JAIPUR,19,,0.0,99.9998
756,756,NAGPUR,TRIVANDRUM,NAG-TRV,19,,0.0,99.9998
757,757,DURGAPUR,SRINAGAR,DURGAPUR-SRINAGAR,18,,0.0,99.9999
758,758,CHANDIGARH,RAIPUR,IXC-RPR,17,,0.0,99.9999
759,759,GUWAHATI,VISAKHAPATNAM,GAU-VTZ,17,,0.0,99.9999
760,760,PUNE,VADODARA,PNQ-BDQ,17,,0.0,99.9999
761,761,LILABARI,PASIGHAT,LILABARI-PASIGHAT,16,,0.0,99.9999
762,762,ALLAHABAD,CHENNAI,ALLAHABAD-CHENNAI,15,,0.0,99.9999
763,763,DIMAPUR,SILCHAR,DIMAPUR-SILCHAR,13,,0.0,99.9999
764,764,MANGALORE,PATNA,IXE-PAT,13,,0.0,99.9999
765,765,JABALPUR,JODHPUR,JABALPUR-JODHPUR,11,,0.0,99.9999
766,766,COIMBATORE,TRIVANDRUM,CJB-TRV,9,,0.0,99.9999
767,767,BAGDOGRA,JAIPUR,IXB-JAI,8,,0.0,100.0
768,768,DURGAPUR,SHIRDI,DURGAPUR-SHIRDI,8,,0.0,100.0
769,769,CHANDIGARH,GORAKHPUR,CHANDIGARH-GORAKHPUR,6,,0.0,100.0
770,770,GAYA,JAIPUR,GAYA-JAIPUR,6,,0.0,100.0
771,771,COIMBATORE,VARANASI,CJB-VNS,5,,0.0,100.0
772,772,RAIPUR,VARANASI,RPR-VNS,5,,0.0,100.0
773,773,CHENNAI,KOLHAPUR,CHENNAI-KOLHAPUR,4,,0.0,100.0
774,774,DIU,PUNE,DIU-PUNE,4,,0.0,100.0
775,775,GORAKHPUR,SRINAGAR,GORAKHPUR-SRINAGAR,4,,0.0,100.0
776,776,AHMEDABAD,SURAT,AMD-STV,3,,0.0,100.0
777,777,BHUBANESWAR,DABOLIM,BBI-GOI,3,,0.0,100.0
778,778,CHANDIGARH,JAMMU,IXC-IXJ,3,,0.0,100.0
779,779,DURGAPUR,LUCKNOW,DURGAPUR-LUCKNOW,3,,0.0,100.0
780,780,JABALPUR,RAIPUR,JABALPUR-RAIPUR,3,,0.0,100.0
781,781,AGARTALA,JORHAT,AGARTALA-JORHAT,2,,0.0,100.0
782,782,HYDERABAD,KANDLA,HYDERABAD-KANDLA,2,,0.0,100.0
783,783,INDORE,MADURAI,IDR-IXM,2,,0.0,100.0
784,784,AIZAWL,SILCHAR,AIZAWL-SILCHAR,1,,0.0,100.0
785,785,BHOPAL,GWALIOR,BHOPAL-GWALIOR,1,,0.0,100.0
786,786,MANGALORE,TRIVANDRUM,IXE-TRV,1,,0.0,100.0
