id,period,price_delhi,price_mumbai,price_kolkata,price_chennai,metro_average,fuel_index
34,2024 January,101993.0,95373.0,105650.0,106250.0,102316.5,100.0
35,2024 February,100772.0,94246.0,104380.0,104980.0,101094.5,98.8
36,2024 March,101396.0,94849.0,105030.0,105630.0,101726.2,99.41
37,2024 April,100893.0,94330.0,104510.0,105110.0,101210.8,98.92
38,2024 May,99845.0,93310.0,103420.0,104020.0,100148.8,97.89
39,2024 June,93580.0,87432.0,96910.0,97470.0,93848.0,91.75
40,2024 July,96152.0,89908.0,99570.0,100150.0,96445.0,94.27
41,2024 August,97975.0,91650.0,101460.0,102050.0,98283.8,96.06
42,2024 September,93480.0,87350.0,96800.0,97360.0,93747.5,91.65
43,2024 October,87597.0,81866.0,90700.0,91220.0,87845.8,85.89
44,2024 November,90538.0,84642.0,93740.0,94280.0,90800.0,88.77
45,2024 December,90540.0,84650.0,93750.0,94300.0,90810.0,88.77
46,2025 January,90250.0,84380.0,93450.0,94000.0,90520.0,88.49
47,2025 February,92400.0,86390.0,95680.0,96240.0,92677.5,90.59
48,2025 March,93100.0,87040.0,96400.0,96970.0,93377.5,91.28
49,2025 April,94500.0,88350.0,97850.0,98430.0,94782.5,92.65
50,2025 May,93800.0,87690.0,97130.0,97700.0,94080.0,91.97
51,2025 June,91600.0,85630.0,94850.0,95410.0,91872.5,89.81
52,2025 July,94800.0,88630.0,98160.0,98740.0,95082.5,92.95
53,2025 August,96200.0,89940.0,99610.0,100200.0,96487.5,94.32
54,2025 September,92800.0,86750.0,96100.0,96660.0,93077.5,90.99
55,2025 October,91200.0,85250.0,94440.0,95000.0,91472.5,89.42
56,2025 November,93500.0,87400.0,96820.0,97390.0,93777.5,91.67
57,2025 December,95100.0,88900.0,98480.0,99060.0,95385.0,93.24
58,2026 January,92300.0,86280.0,95580.0,96140.0,92575.0,90.5
59,2026 February,91800.0,85810.0,95060.0,95620.0,92072.5,90.01
60,2026 March,93400.0,87310.0,96720.0,97280.0,93677.5,91.57
61,2026 April,95800.0,89550.0,99200.0,99780.0,96082.5,93.93
62,2026 May,97200.0,90860.0,100650.0,101240.0,97487.5,95.3
63,2026 June,94600.0,88430.0,97960.0,98530.0,94880.0,92.75
64,2026 July,96800.0,90490.0,100240.0,100830.0,97090.0,94.91
65,2026 August,101650.0,95020.0,105260.0,105880.0,101952.5,99.66
66,2026 September,107200.0,100210.0,111010.0,111660.0,107520.0,105.11
