rank,city1,city2,iata1,iata2,route_code,pax_to,pax_from,total_passengers,route_weight_percent,cumulative_weight_percent
1,MUMBAI,DELHI,BOM,DEL,BOM-DEL,2784752,2831167,5615919,4.1285,4.1285
2,BENGALURU,DELHI,BLR,DEL,BLR-DEL,2221129,2243352,4464481,3.282,7.4105
3,BENGALURU,MUMBAI,BLR,BOM,BLR-BOM,1820305,1841479,3661784,2.6919,10.1024
4,DELHI,SRINAGAR,DEL,SXR,DEL-SXR,1404653,1397251,2801904,2.0598,12.1622
5,DELHI,KOLKATA,DEL,CCU,DEL-CCU,1396825,1307098,2703923,1.9878,14.15
6,DELHI,HYDERABAD,DEL,HYD,DEL-HYD,1306104,1291720,2597824,1.9098,16.0597
7,DELHI,PUNE,DEL,PNQ,DEL-PNQ,1275732,1256205,2531937,1.8613,17.9211
8,MUMBAI,DABOLIM,BOM,GOI,BOM-GOI,1120143,1144547,2264690,1.6649,19.5859
9,MUMBAI,CHENNAI,BOM,MAA,BOM-MAA,1050077,1055365,2105442,1.5478,21.1337
10,AHMEDABAD,DELHI,AMD,DEL,AMD-DEL,1040187,1049451,2089638,1.5362,22.6699
11,CHENNAI,DELHI,MAA,DEL,MAA-DEL,1015722,1030650,2046372,1.5044,24.1743
12,DABOLIM,DELHI,GOI,DEL,GOI-DEL,984085,974779,1958864,1.44,25.6143
13,AHMEDABAD,MUMBAI,AMD,BOM,AMD-BOM,927558,906175,1833733,1.348,26.9624
14,BENGALURU,HYDERABAD,BLR,HYD,BLR-HYD,890200,903306,1793506,1.3185,28.2808
15,BENGALURU,KOLKATA,BLR,CCU,BLR-CCU,886589,856233,1742822,1.2812,29.562
16,MUMBAI,HYDERABAD,BOM,HYD,BOM-HYD,841906,843582,1685488,1.2391,30.8011
17,MUMBAI,KOLKATA,BOM,CCU,BOM-CCU,809522,787663,1597185,1.1742,31.9753
18,DELHI,PATNA,DEL,PAT,DEL-PAT,785658,744467,1530125,1.1249,33.1001
19,BENGALURU,PUNE,BLR,PNQ,BLR-PNQ,743512,769404,1512916,1.1122,34.2123
20,DELHI,GUWAHATI,DEL,GAU,DEL-GAU,732424,757349,1489773,1.0952,35.3075
21,BENGALURU,KOCHI,BLR,COK,BLR-COK,707509,713924,1421433,1.045,36.3525
22,DELHI,LUCKNOW,DEL,LKO,DEL-LKO,669044,674098,1343142,0.9874,37.3399
23,BENGALURU,CHENNAI,BLR,MAA,BLR-MAA,559293,582832,1142125,0.8396,38.1795
24,CHENNAI,HYDERABAD,MAA,HYD,MAA-HYD,557779,554070,1111849,0.8174,38.9969
25,MUMBAI,JAIPUR,BOM,JAI,BOM-JAI,547010,538515,1085525,0.798,39.7949
26,BHUBANESWAR,DELHI,BBI,DEL,BBI-DEL,512850,527480,1040330,0.7648,40.5597
27,BENGALURU,DABOLIM,BLR,GOI,BLR-GOI,499317,509844,1009161,0.7419,41.3015
28,BAGDOGRA,DELHI,IXB,DEL,IXB-DEL,483738,522324,1006062,0.7396,42.0411
29,GUWAHATI,KOLKATA,GAU,CCU,GAU-CCU,463031,489113,952144,0.7,42.7411
30,AHMEDABAD,BENGALURU,AMD,BLR,AMD-BLR,468268,463907,932175,0.6853,43.4264
31,KOCHI,DELHI,COK,DEL,COK-DEL,468361,462253,930614,0.6841,44.1105
32,HYDERABAD,KOLKATA,HYD,CCU,HYD-CCU,471020,437479,908499,0.6679,44.7784
33,DELHI,LEH,DEL,IXL,DEL-IXL,466119,438974,905093,0.6654,45.4437
34,DABOLIM,HYDERABAD,GOI,HYD,GOI-HYD,455934,441634,897568,0.6598,46.1036
35,DELHI,RANCHI,DEL,IXR,DEL-IXR,452736,444696,897432,0.6597,46.7633
36,CHENNAI,KOLKATA,MAA,CCU,MAA-CCU,439802,427764,867566,0.6378,47.4011
37,AGARTALA,KOLKATA,IXA,CCU,IXA-CCU,429146,413052,842198,0.6191,48.0202
38,MUMBAI,CHANDIGARH,BOM,IXC,BOM-IXC,421355,409329,830684,0.6107,48.6309
39,AMRITSAR,DELHI,ATQ,DEL,ATQ-DEL,407749,418884,826633,0.6077,49.2386
40,DELHI,JAMMU,DEL,IXJ,DEL-IXJ,395093,430245,825338,0.6067,49.8453
41,MUMBAI,LUCKNOW,BOM,LKO,BOM-LKO,422306,399200,821506,0.6039,50.4492
42,CHENNAI,COIMBATORE,MAA,CJB,MAA-CJB,401025,391409,792434,0.5825,51.0318
43,MUMBAI,KOCHI,BOM,COK,BOM-COK,391446,395623,787069,0.5786,51.6104
44,DELHI,VARANASI,DEL,VNS,DEL-VNS,389035,369874,758909,0.5579,52.1683
45,MUMBAI,NAGPUR,BOM,NAG,BOM-NAG,368998,387947,756945,0.5565,52.7248
46,DELHI,INDORE,DEL,IDR,DEL-IDR,377512,375651,753163,0.5537,53.2784
47,CHANDIGARH,DELHI,IXC,DEL,IXC-DEL,371163,379909,751072,0.5521,53.8306
48,DELHI,RAIPUR,DEL,RPR,DEL-RPR,360391,359970,720361,0.5296,54.3602
49,HYDERABAD,VISAKHAPATNAM,HYD,VTZ,HYD-VTZ,364171,352245,716416,0.5267,54.8868
50,BENGALURU,LUCKNOW,BLR,LKO,BLR-LKO,310595,325401,635996,0.4675,55.3544
51,DELHI,JAIPUR,DEL,JAI,DEL-JAI,323658,301393,625051,0.4595,55.8139
52,BAGDOGRA,KOLKATA,IXB,CCU,IXB-CCU,317861,298822,616683,0.4533,56.2672
53,MUMBAI,VARANASI,BOM,VNS,BOM-VNS,315207,297650,612857,0.4505,56.7177
54,DEHRADUN,DELHI,DED,DEL,DED-DEL,301756,305423,607179,0.4464,57.1641
55,BENGALURU,BHUBANESWAR,BLR,BBI,BLR-BBI,287080,304523,591603,0.4349,57.599
56,MUMBAI,INDORE,BOM,IDR,BOM-IDR,291986,293316,585302,0.4303,58.0293
57,HYDERABAD,TIRUPATI,HYD,,HYDERABAD-TIRUPATI,289671,291015,580686,0.4269,58.4562
58,BENGALURU,GUWAHATI,BLR,GAU,BLR-GAU,285452,287885,573337,0.4215,58.8777
59,DELHI,UDAIPUR,DEL,UDR,DEL-UDR,274763,280010,554773,0.4078,59.2855
60,BHUBANESWAR,MUMBAI,BBI,BOM,BBI-BOM,273193,269853,543046,0.3992,59.6847
61,BENGALURU,JAIPUR,BLR,JAI,BLR-JAI,268560,273314,541874,0.3984,60.0831
62,DELHI,NAGPUR,DEL,NAG,DEL-NAG,264433,264748,529181,0.389,60.4721
63,MUMBAI,UDAIPUR,BOM,UDR,BOM-UDR,262584,266458,529042,0.3889,60.861
64,CHENNAI,PUNE,MAA,PNQ,MAA-PNQ,262485,265680,528165,0.3883,61.2493
65,CHENNAI,KOCHI,MAA,COK,MAA-COK,263685,260356,524041,0.3852,61.6345
66,BENGALURU,VISAKHAPATNAM,BLR,VTZ,BLR-VTZ,254444,269149,523593,0.3849,62.0194
67,BENGALURU,PATNA,BLR,PAT,BLR-PAT,251780,255111,506891,0.3726,62.3921
68,MUMBAI,MANGALORE,BOM,IXE,BOM-IXE,249660,246533,496193,0.3648,62.7568
69,BENGALURU,MANGALORE,BLR,IXE,BLR-IXE,245074,249222,494296,0.3634,63.1202
70,JAMMU,SRINAGAR,IXJ,SXR,IXJ-SXR,266207,227337,493544,0.3628,63.483
71,BHUBANESWAR,KOLKATA,BBI,CCU,BBI-CCU,245533,246389,491922,0.3616,63.8447
72,BHOPAL,DELHI,BHO,DEL,BHO-DEL,248464,239160,487624,0.3585,64.2032
73,KOCHI,HYDERABAD,COK,HYD,COK-HYD,239682,246709,486391,0.3576,64.5607
74,MUMBAI,PATNA,BOM,PAT,BOM-PAT,242579,242629,485208,0.3567,64.9174
75,DELHI,VISAKHAPATNAM,DEL,VTZ,DEL-VTZ,241181,235569,476750,0.3505,65.2679
76,DELHI,SURAT,DEL,STV,DEL-STV,240682,234348,475030,0.3492,65.6171
77,DELHI,VADODARA,DEL,BDQ,DEL-BDQ,229423,235508,464931,0.3418,65.9589
78,KOLKATA,PORT BLAIR,CCU,IXZ,CCU-IXZ,225519,235710,461229,0.3391,66.298
79,BENGALURU,TRIVANDRUM,BLR,TRV,BLR-TRV,218107,236343,454450,0.3341,66.632
80,BENGALURU,RANCHI,BLR,IXR,BLR-IXR,218180,223284,441464,0.3245,66.9566
81,AHMEDABAD,KOLKATA,AMD,CCU,AMD-CCU,224318,216215,440533,0.3239,67.2804
82,CHENNAI,PORT BLAIR,MAA,IXZ,MAA-IXZ,217764,221020,438784,0.3226,67.603
83,AHMEDABAD,PUNE,AMD,PNQ,AMD-PNQ,222821,214984,437805,0.3218,67.9249
84,AHMEDABAD,DABOLIM,AMD,GOI,AMD-GOI,207740,215186,422926,0.3109,68.2358
85,COIMBATORE,HYDERABAD,CJB,HYD,CJB-HYD,211107,209326,420433,0.3091,68.5448
86,AHMEDABAD,HYDERABAD,AMD,HYD,AMD-HYD,213114,205777,418891,0.3079,68.8528
87,GUWAHATI,IMPHAL,GAU,IMF,GAU-IMF,199280,218405,417685,0.3071,69.1598
88,HYDERABAD,PUNE,HYD,PNQ,HYD-PNQ,207833,209325,417158,0.3067,69.4665
89,NAGPUR,PUNE,NAG,PNQ,NAG-PNQ,211998,200121,412119,0.303,69.7695
90,HYDERABAD,JAIPUR,HYD,JAI,HYD-JAI,210795,200363,411158,0.3023,70.0717
91,KOLKATA,PUNE,CCU,PNQ,CCU-PNQ,198410,205251,403661,0.2967,70.3685
92,MUMBAI,RAIPUR,BOM,RPR,BOM-RPR,197510,197006,394516,0.29,70.6585
93,BENGALURU,CHANDIGARH,BLR,IXC,BLR-IXC,200680,192702,393382,0.2892,70.9477
94,BAGDOGRA,BENGALURU,IXB,BLR,IXB-BLR,198683,193142,391825,0.288,71.2357
95,MUMBAI,SRINAGAR,BOM,SXR,BOM-SXR,149133,235130,384263,0.2825,71.5182
96,MUMBAI,COIMBATORE,BOM,CJB,BOM-CJB,188053,189242,377295,0.2774,71.7956
97,IMPHAL,KOLKATA,IMF,CCU,IMF-CCU,188308,173909,362217,0.2663,72.0619
98,AMRITSAR,MUMBAI,ATQ,BOM,ATQ-BOM,178826,179084,357910,0.2631,72.325
99,CHENNAI,MADURAI,MAA,IXM,MAA-IXM,175872,174297,350169,0.2574,72.5824
100,COIMBATORE,DELHI,CJB,DEL,CJB-DEL,174312,170563,344875,0.2535,72.8359
101,BENGALURU,VARANASI,BLR,VNS,BLR-VNS,165467,177890,343357,0.2524,73.0884
102,JAIPUR,KOLKATA,JAI,CCU,JAI-CCU,167180,175591,342771,0.252,73.3403
103,MUMBAI,GUWAHATI,BOM,GAU,BOM-GAU,166757,172107,338864,0.2491,73.5895
104,MUMBAI,DEHRADUN,BOM,DED,BOM-DED,174407,163846,338253,0.2487,73.8381
105,MUMBAI,RANCHI,BOM,IXR,BOM-IXR,161821,172835,334656,0.246,74.0841
106,BHUBANESWAR,HYDERABAD,BBI,HYD,BBI-HYD,168533,164404,332937,0.2448,74.3289
107,MUMBAI,VADODARA,BOM,BDQ,BOM-BDQ,158026,168836,326862,0.2403,74.5692
108,DELHI,TRIVANDRUM,DEL,TRV,DEL-TRV,161062,165079,326141,0.2398,74.8089
109,MUMBAI,RAJKOT,BOM,,MUMBAI-RAJKOT,163744,159531,323275,0.2377,75.0466
110,CHENNAI,TRIVANDRUM,MAA,TRV,MAA-TRV,157302,164276,321578,0.2364,75.283
111,DELHI,RAJKOT,DEL,,DELHI-RAJKOT,160328,159593,319921,0.2352,75.5182
112,BHOPAL,MUMBAI,BHO,BOM,BHO-BOM,162060,155433,317493,0.2334,75.7516
113,BENGALURU,NAGPUR,BLR,NAG,BLR-NAG,152975,161467,314442,0.2312,75.9827
114,CHENNAI,GUWAHATI,MAA,GAU,MAA-GAU,153960,152931,306891,0.2256,76.2083
115,DELHI,GORAKHPUR,DEL,,DELHI-GORAKHPUR,155043,150962,306005,0.225,76.4333
116,MUMBAI,TRIVANDRUM,BOM,TRV,BOM-TRV,149722,156071,305793,0.2248,76.6581
117,AHMEDABAD,CHENNAI,AMD,MAA,AMD-MAA,152649,146948,299597,0.2202,76.8783
118,BENGALURU,INDORE,BLR,IDR,BLR-IDR,143583,153793,297376,0.2186,77.097
119,BENGALURU,COIMBATORE,BLR,CJB,BLR-CJB,142912,154357,297269,0.2185,77.3155
120,HYDERABAD,INDORE,HYD,IDR,HYD-IDR,135596,144856,280452,0.2062,77.5217
121,CHANDIGARH,SRINAGAR,IXC,SXR,IXC-SXR,132485,137429,269914,0.1984,77.7201
122,MUMBAI,JODHPUR,BOM,JDH,BOM-JDH,135187,134311,269498,0.1981,77.9182
123,KOLKATA,LUCKNOW,CCU,LKO,CCU-LKO,127243,141649,268892,0.1977,78.1159
124,HYDERABAD,VIJAYAWADA,HYD,,HYDERABAD-VIJAYAWADA,131660,131080,262740,0.1932,78.309
125,CHENNAI,VISAKHAPATNAM,MAA,VTZ,MAA-VTZ,126750,135902,262652,0.1931,78.5021
126,DELHI,JODHPUR,DEL,JDH,DEL-JDH,127783,126776,254559,0.1871,78.6893
127,HYDERABAD,RAJAHMUNDRY,HYD,,HYDERABAD-RAJAHMUNDRY,128369,125987,254356,0.187,78.8762
128,KOLKATA,PATNA,CCU,PAT,CCU-PAT,123969,127988,251957,0.1852,79.0615
129,JAIPUR,PUNE,JAI,PNQ,JAI-PNQ,131036,113116,244152,0.1795,79.241
130,HYDERABAD,VARANASI,HYD,VNS,HYD-VNS,119421,122778,242199,0.1781,79.419
131,BAGDOGRA,MUMBAI,IXB,BOM,IXB-BOM,122099,117203,239302,0.1759,79.5949
132,DELHI,DIBRUGARH,DEL,,DELHI-DIBRUGARH,134121,103939,238060,0.175,79.7699
133,HYDERABAD,LUCKNOW,HYD,LKO,HYD-LKO,115619,121815,237434,0.1745,79.9445
134,DELHI,SHIRDI,DEL,,DELHI-SHIRDI,119122,115503,234625,0.1725,80.117
135,HYDERABAD,PATNA,HYD,PAT,HYD-PAT,121570,111879,233449,0.1716,80.2886
136,KOLKATA,SILCHAR,CCU,,KOLKATA-SILCHAR,116694,116156,232850,0.1712,80.4598
137,CHANDIGARH,HYDERABAD,IXC,HYD,IXC-HYD,106427,116843,223270,0.1641,80.6239
138,BENGALURU,RAIPUR,BLR,RPR,BLR-RPR,112150,111100,223250,0.1641,80.788
139,DELHI,IMPHAL,DEL,IMF,DEL-IMF,108850,108640,217490,0.1599,80.9479
140,BENGALURU,VIJAYAWADA,BLR,,BENGALURU-VIJAYAWADA,105352,110328,215680,0.1586,81.1065
141,KOLKATA,RAIPUR,CCU,RPR,CCU-RPR,102940,111330,214270,0.1575,81.264
142,AURANGABAD,MUMBAI,,BOM,AURANGABAD-MUMBAI,111573,101870,213443,0.1569,81.4209
143,AHMEDABAD,CHANDIGARH,AMD,IXC,AMD-IXC,109004,101384,210388,0.1547,81.5755
144,HYDERABAD,RAIPUR,HYD,RPR,HYD-RPR,103084,105194,208278,0.1531,81.7287
145,AHMEDABAD,LUCKNOW,AMD,LKO,AMD-LKO,104881,102283,207164,0.1523,81.881
146,MUMBAI,MADURAI,BOM,IXM,BOM-IXM,103249,102919,206168,0.1516,82.0325
147,MUMBAI,GORAKHPUR,BOM,,MUMBAI-GORAKHPUR,105392,100367,205759,0.1513,82.1838
148,AHMEDABAD,JAIPUR,AMD,JAI,AMD-JAI,103357,100704,204061,0.15,82.3338
149,DELHI,VIJAYAWADA,DEL,,DELHI-VIJAYAWADA,101145,102277,203422,0.1495,82.4833
150,DIBRUGARH,KOLKATA,,CCU,DIBRUGARH-KOLKATA,101816,97091,198907,0.1462,82.6296
151,DABOLIM,PUNE,GOI,PNQ,GOI-PNQ,100023,94587,194610,0.1431,82.7726
152,AURANGABAD,DELHI,,DEL,AURANGABAD-DELHI,96528,96222,192750,0.1417,82.9143
153,BHUBANESWAR,CHENNAI,BBI,MAA,BBI-MAA,96048,93025,189073,0.139,83.0533
154,MUMBAI,KOZHIKODE,BOM,,MUMBAI-KOZHIKODE,94782,93784,188566,0.1386,83.1919
155,HYDERABAD,SHIRDI,HYD,,HYDERABAD-SHIRDI,88698,93007,181705,0.1336,83.3255
156,AGARTALA,GUWAHATI,IXA,GAU,IXA-GAU,85366,90296,175662,0.1291,83.4547
157,DELHI,KOZHIKODE,DEL,,DELHI-KOZHIKODE,86991,88384,175375,0.1289,83.5836
158,DARBHANGA,DELHI,,DEL,DARBHANGA-DELHI,86657,88464,175121,0.1287,83.7123
159,DELHI,JABALPUR,DEL,,DELHI-JABALPUR,88505,85314,173819,0.1278,83.8401
160,MUMBAI,VISAKHAPATNAM,BOM,VTZ,BOM-VTZ,81906,91609,173515,0.1276,83.9677
161,CHENNAI,TIRUCHIRAPALLY,MAA,,CHENNAI-TIRUCHIRAPALLY,89514,83929,173443,0.1275,84.0952
162,DABOLIM,LUCKNOW,GOI,LKO,GOI-LKO,82822,84006,166828,0.1226,84.2178
163,DABOLIM,KOLKATA,GOI,CCU,GOI-CCU,83886,79719,163605,0.1203,84.3381
164,CHENNAI,SHIRDI,MAA,,CHENNAI-SHIRDI,82164,79759,161923,0.119,84.4571
165,BENGALURU,DARBHANGA,BLR,,BENGALURU-DARBHANGA,81325,80061,161386,0.1186,84.5758
166,PATNA,PUNE,PAT,PNQ,PAT-PNQ,84532,76790,161322,0.1186,84.6943
167,BENGALURU,SHIRDI,BLR,,BENGALURU-SHIRDI,80822,80231,161053,0.1184,84.8127
168,BENGALURU,PORT BLAIR,BLR,IXZ,BLR-IXZ,80930,77819,158749,0.1167,84.9294
169,CHENNAI,TUTICORIN,MAA,,CHENNAI-TUTICORIN,81004,77181,158185,0.1163,85.0457
170,CHENNAI,DABOLIM,MAA,GOI,MAA-GOI,78106,78959,157065,0.1155,85.1612
171,GOA,BENGALURU,GOI,BLR,GOI-BLR,78635,76030,154665,0.1137,85.2749
172,BENGALURU,SURAT,BLR,STV,BLR-STV,74650,74247,148897,0.1095,85.3844
173,DELHI,DHARAMSALA,DEL,,DELHI-DHARAMSALA,80729,67021,147750,0.1086,85.493
174,MUMBAI,DARBHANGA,BOM,,MUMBAI-DARBHANGA,75505,72180,147685,0.1086,85.6015
175,AMRITSAR,SRINAGAR,ATQ,SXR,ATQ-SXR,76343,70511,146854,0.108,85.7095
176,CHANDIGARH,DABOLIM,IXC,GOI,IXC-GOI,71174,74389,145563,0.107,85.8165
177,MUMBAI,KANPUR,BOM,,MUMBAI-KANPUR,72875,70248,143123,0.1052,85.9217
178,AIZAWL,KOLKATA,,CCU,AIZAWL-KOLKATA,72307,70736,143043,0.1052,86.0269
179,KOLKATA,RANCHI,CCU,IXR,CCU-IXR,71187,71702,142889,0.105,86.1319
180,BENGALURU,DEHRADUN,BLR,DED,BLR-DED,70692,70540,141232,0.1038,86.2358
181,HYDERABAD,RANCHI,HYD,IXR,HYD-IXR,69366,70694,140060,0.103,86.3387
182,AHMEDABAD,VARANASI,AMD,VNS,AMD-VNS,68770,69821,138591,0.1019,86.4406
183,AHMEDABAD,PATNA,AMD,PAT,AMD-PAT,69476,68374,137850,0.1013,86.5419
184,BENGALURU,MADURAI,BLR,IXM,BLR-IXM,68823,68903,137726,0.1012,86.6432
185,BAGDOGRA,CHENNAI,IXB,MAA,IXB-MAA,70155,67086,137241,0.1009,86.7441
186,BENGALURU,VADODARA,BLR,BDQ,BLR-BDQ,66962,65073,132035,0.0971,86.8411
187,HYDERABAD,VADODARA,HYD,BDQ,HYD-BDQ,65092,66418,131510,0.0967,86.9378
188,DIMAPUR,KOLKATA,,CCU,DIMAPUR-KOLKATA,69402,61245,130647,0.096,87.0339
189,DABOLIM,SURAT,GOI,STV,GOI-STV,65839,64383,130222,0.0957,87.1296
190,GUWAHATI,JAIPUR,GAU,JAI,GAU-JAI,63463,65759,129222,0.095,87.2246
191,ALLAHABAD,DELHI,,DEL,ALLAHABAD-DELHI,64344,63646,127990,0.0941,87.3187
192,BHUBANESWAR,PUNE,BBI,PNQ,BBI-PNQ,64509,60800,125309,0.0921,87.4108
193,HYDERABAD,TRIVANDRUM,HYD,TRV,HYD-TRV,62791,61397,124188,0.0913,87.5021
194,GUWAHATI,HYDERABAD,GAU,HYD,GAU-HYD,61221,60387,121608,0.0894,87.5915
195,AGARTALA,DELHI,IXA,DEL,IXA-DEL,61484,57998,119482,0.0878,87.6793
196,GOA,MUMBAI,GOI,BOM,GOI-BOM,59253,59426,118679,0.0872,87.7666
197,BAGDOGRA,HYDERABAD,IXB,HYD,IXB-HYD,58923,59566,118489,0.0871,87.8537
198,CHENNAI,JODHPUR,MAA,JDH,MAA-JDH,58570,59680,118250,0.0869,87.9406
199,KOCHI,PUNE,COK,PNQ,COK-PNQ,58383,58914,117297,0.0862,88.0268
200,AHMEDABAD,DEHRADUN,AMD,DED,AMD-DED,59127,57508,116635,0.0857,88.1126
201,HYDERABAD,MADURAI,HYD,IXM,HYD-IXM,59132,56709,115841,0.0852,88.1977
202,KOLKATA,VARANASI,CCU,VNS,CCU-VNS,54844,60314,115158,0.0847,88.2824
203,MUMBAI,JAMMU,BOM,IXJ,BOM-IXJ,90465,24332,114797,0.0844,88.3668
204,INDORE,PUNE,IDR,PNQ,IDR-PNQ,58925,54927,113852,0.0837,88.4505
205,DELHI,DURGAPUR,DEL,,DELHI-DURGAPUR,57438,56409,113847,0.0837,88.5342
206,KOLKATA,SURAT,CCU,STV,CCU-STV,57186,56659,113845,0.0837,88.6179
207,GOA,DELHI,GOI,DEL,GOI-DEL,58030,55510,113540,0.0835,88.7013
208,CHENNAI,JAIPUR,MAA,JAI,MAA-JAI,56952,56470,113422,0.0834,88.7847
209,PUNE,RANCHI,PNQ,IXR,PNQ-IXR,55217,56812,112029,0.0824,88.8671
210,KOLKATA,NAGPUR,CCU,NAG,CCU-NAG,53395,58309,111704,0.0821,88.9492
211,CHANDIGARH,PUNE,IXC,PNQ,IXC-PNQ,57856,53563,111419,0.0819,89.0311
212,DELHI,MADURAI,DEL,IXM,DEL-IXM,55601,55322,110923,0.0815,89.1127
213,KOLKATA,VISAKHAPATNAM,CCU,VTZ,CCU-VTZ,53388,56481,109869,0.0808,89.1934
214,AIZAWL,GUWAHATI,,GAU,AIZAWL-GUWAHATI,58377,51440,109817,0.0807,89.2742
215,INDORE,RAIPUR,IDR,RPR,IDR-RPR,56814,52743,109557,0.0805,89.3547
216,BENGALURU,DURGAPUR,BLR,,BENGALURU-DURGAPUR,51591,57695,109286,0.0803,89.435
217,BENGALURU,HUBLI,BLR,,BENGALURU-HUBLI,53897,55348,109245,0.0803,89.5153
218,MUMBAI,KANNUR,BOM,,MUMBAI-KANNUR,54838,51793,106631,0.0784,89.5937
219,CHENNAI,DURGAPUR,MAA,,CHENNAI-DURGAPUR,53675,52337,106012,0.0779,89.6717
220,BENGALURU,TIRUCHIRAPALLY,BLR,,BENGALURU-TIRUCHIRAPALLY,54182,51741,105923,0.0779,89.7495
221,BENGALURU,BHOPAL,BLR,BHO,BLR-BHO,50495,53359,103854,0.0763,89.8259
222,CHANDIGARH,CHENNAI,IXC,MAA,IXC-MAA,48546,54753,103299,0.0759,89.9018
223,HYDERABAD,SURAT,HYD,STV,HYD-STV,49097,53900,102997,0.0757,89.9775
224,DEHRADUN,LUCKNOW,DED,LKO,DED-LKO,50734,52008,102742,0.0755,90.0531
225,LUCKNOW,PUNE,LKO,PNQ,LKO-PNQ,54092,48378,102470,0.0753,90.1284
226,MUMBAI,JABALPUR,BOM,,MUMBAI-JABALPUR,49373,52735,102108,0.0751,90.2035
227,DELHI,GAYA,DEL,,DELHI-GAYA,51303,50422,101725,0.0748,90.2782
228,DELHI,JHARSUGUDA,DEL,,DELHI-JHARSUGUDA,51111,49518,100629,0.074,90.3522
229,DEHRADUN,HYDERABAD,DED,HYD,DED-HYD,50551,49650,100201,0.0737,90.4259
230,MUMBAI,JAMNAGAR,BOM,,MUMBAI-JAMNAGAR,51083,48031,99114,0.0729,90.4987
231,CHENNAI,VIJAYAWADA,MAA,,CHENNAI-VIJAYAWADA,47271,51512,98783,0.0726,90.5714
232,GORAKHPUR,HYDERABAD,,HYD,GORAKHPUR-HYDERABAD,48629,49716,98345,0.0723,90.6437
233,ALLAHABAD,MUMBAI,,BOM,ALLAHABAD-MUMBAI,47913,50361,98274,0.0722,90.7159
234,HYDERABAD,MANGALORE,HYD,IXE,HYD-IXE,49906,48170,98076,0.0721,90.788
235,DELHI,PORT BLAIR,DEL,IXZ,DEL-IXZ,50471,47229,97700,0.0718,90.8598
236,MUMBAI,DURGAPUR,BOM,,MUMBAI-DURGAPUR,47344,49373,96717,0.0711,90.9309
237,KOCHI,KOLKATA,COK,CCU,COK-CCU,46443,49887,96330,0.0708,91.0017
238,AMRITSAR,KOLKATA,ATQ,CCU,ATQ-CCU,49021,47164,96185,0.0707,91.0725
239,BENGALURU,KOZHIKODE,BLR,,BENGALURU-KOZHIKODE,46254,49724,95978,0.0706,91.143
240,HYDERABAD,UDAIPUR,HYD,UDR,HYD-UDR,47003,48675,95678,0.0703,91.2133
241,INDORE,KOLKATA,IDR,CCU,IDR-CCU,48811,46558,95369,0.0701,91.2835
242,AGARTALA,BENGALURU,IXA,BLR,IXA-BLR,50176,44993,95169,0.07,91.3534
243,CHENNAI,LUCKNOW,MAA,LKO,MAA-LKO,47102,46109,93211,0.0685,91.4219
244,CHENNAI,RANCHI,MAA,IXR,MAA-IXR,43879,49301,93180,0.0685,91.4904
245,JAMMU,LEH,IXJ,IXL,IXJ-IXL,30020,62995,93015,0.0684,91.5588
246,BENGALURU,JODHPUR,BLR,JDH,BLR-JDH,45160,47316,92476,0.068,91.6268
247,BENGALURU,UDAIPUR,BLR,UDR,BLR-UDR,45581,46207,91788,0.0675,91.6943
248,CHANDIGARH,JAIPUR,IXC,JAI,IXC-JAI,48232,43518,91750,0.0674,91.7617
249,BENGALURU,RAJKOT,BLR,,BENGALURU-RAJKOT,44915,46769,91684,0.0674,91.8291
250,GUWAHATI,SILCHAR,GAU,,GUWAHATI-SILCHAR,45022,46223,91245,0.0671,91.8962
251,BENGALURU,RAJAHMUNDRY,BLR,,BENGALURU-RAJAHMUNDRY,43568,46408,89976,0.0661,91.9624
252,BENGALURU,KANNUR,BLR,,BENGALURU-KANNUR,43337,45858,89195,0.0656,92.0279
253,DARBHANGA,HYDERABAD,,HYD,DARBHANGA-HYDERABAD,46586,42513,89099,0.0655,92.0934
254,CHENNAI,PATNA,MAA,PAT,MAA-PAT,43960,44994,88954,0.0654,92.1588
255,LUCKNOW,PATNA,LKO,PAT,LKO-PAT,44640,43786,88426,0.065,92.2238
256,GUWAHATI,PUNE,GAU,PNQ,GAU-PNQ,43486,44692,88178,0.0648,92.2886
257,JORHAT,KOLKATA,,CCU,JORHAT-KOLKATA,41909,45037,86946,0.0639,92.3526
258,COIMBATORE,PUNE,CJB,PNQ,CJB-PNQ,45746,40825,86571,0.0636,92.4162
259,DIBRUGARH,GUWAHATI,,GAU,DIBRUGARH-GUWAHATI,53736,32686,86422,0.0635,92.4797
260,AMRITSAR,PUNE,ATQ,PNQ,ATQ-PNQ,42511,43778,86289,0.0634,92.5432
261,ALLAHABAD,BENGALURU,,BLR,ALLAHABAD-BENGALURU,43572,42598,86170,0.0633,92.6065
262,PATNA,RANCHI,PAT,IXR,PAT-IXR,43164,42573,85737,0.063,92.6695
263,CHANDIGARH,PATNA,IXC,PAT,IXC-PAT,41665,43303,84968,0.0625,92.732
264,DABOLIM,INDORE,GOI,IDR,GOI-IDR,42521,42419,84940,0.0624,92.7945
265,CHANDIGARH,LUCKNOW,IXC,LKO,IXC-LKO,40206,44060,84266,0.0619,92.8564
266,GUWAHATI,LUCKNOW,GAU,LKO,GAU-LKO,43086,40603,83689,0.0615,92.9179
267,CHENNAI,VARANASI,MAA,VNS,MAA-VNS,40311,41638,81949,0.0602,92.9782
268,HYDERABAD,TIRUCHIRAPALLY,HYD,,HYDERABAD-TIRUCHIRAPALLY,40983,39574,80557,0.0592,93.0374
269,LEH,SRINAGAR,IXL,SXR,IXL-SXR,67940,12480,80420,0.0591,93.0965
270,GOA,HYDERABAD,GOI,HYD,GOI-HYD,40569,39660,80229,0.059,93.1555
271,GUWAHATI,PATNA,GAU,PAT,GAU-PAT,38290,41920,80210,0.059,93.2145
272,AHMEDABAD,NAGPUR,AMD,NAG,AMD-NAG,40118,39872,79990,0.0588,93.2733
273,AHMEDABAD,KOCHI,AMD,COK,AMD-COK,41437,38549,79986,0.0588,93.3321
274,DABOLIM,JAIPUR,GOI,JAI,GOI-JAI,39859,39330,79189,0.0582,93.3903
275,LUCKNOW,RANCHI,LKO,IXR,LKO-IXR,38424,40052,78476,0.0577,93.448
276,JAIPUR,SURAT,JAI,STV,JAI-STV,38914,39495,78409,0.0576,93.5056
277,CHANDIGARH,KOLKATA,IXC,CCU,IXC-CCU,34523,41803,76326,0.0561,93.5617
278,DABOLIM,NAGPUR,GOI,NAG,GOI-NAG,37533,35411,72944,0.0536,93.6153
279,BENGALURU,KANPUR,BLR,,BENGALURU-KANPUR,33593,38850,72443,0.0533,93.6686
280,DURGAPUR,HYDERABAD,,HYD,DURGAPUR-HYDERABAD,36430,34621,71051,0.0522,93.7208
281,HYDERABAD,MYSORE,HYD,,HYDERABAD-MYSORE,36490,34318,70808,0.0521,93.7729
282,AURANGABAD,HYDERABAD,,HYD,AURANGABAD-HYDERABAD,36770,32529,69299,0.0509,93.8238
283,CHENNAI,SURAT,MAA,STV,MAA-STV,34387,34788,69175,0.0509,93.8747
284,HYDERABAD,JODHPUR,HYD,JDH,HYD-JDH,33969,34588,68557,0.0504,93.9251
285,DARBHANGA,KOLKATA,,CCU,DARBHANGA-KOLKATA,36263,32098,68361,0.0503,93.9753
286,AMRITSAR,BENGALURU,ATQ,BLR,ATQ-BLR,33738,33853,67591,0.0497,94.025
287,BELGAUM,BENGALURU,,BLR,BELGAUM-BENGALURU,33483,33416,66899,0.0492,94.0742
288,AHMEDABAD,INDORE,AMD,IDR,AMD-IDR,32521,33269,65790,0.0484,94.1226
289,CHENNAI,INDORE,MAA,IDR,MAA-IDR,32350,33280,65630,0.0482,94.1708
290,DELHI,DIMAPUR,DEL,,DELHI-DIMAPUR,32089,33167,65256,0.048,94.2188
291,AHMEDABAD,BAGDOGRA,AMD,IXB,AMD-IXB,33123,31013,64136,0.0471,94.2659
292,BENGALURU,KALABURAGI,BLR,,BENGALURU-KALABURAGI,32048,31803,63851,0.0469,94.3129
293,BELGAUM,HYDERABAD,,HYD,BELGAUM-HYDERABAD,32075,30528,62603,0.046,94.3589
294,CHENNAI,KOZHIKODE,MAA,,CHENNAI-KOZHIKODE,31060,31236,62296,0.0458,94.4047
295,DELHI,NASIK,DEL,,DELHI-NASIK,30627,31446,62073,0.0456,94.4503
296,BAREILLY,MUMBAI,,BOM,BAREILLY-MUMBAI,30658,31130,61788,0.0454,94.4957
297,CHENNAI,RAIPUR,MAA,RPR,MAA-RPR,30294,30460,60754,0.0447,94.5404
298,BAGDOGRA,DIBRUGARH,IXB,,BAGDOGRA-DIBRUGARH,33356,26835,60191,0.0442,94.5847
299,DELHI,GWALIOR,DEL,,DELHI-GWALIOR,27102,32870,59972,0.0441,94.6287
300,HYDERABAD,SRINAGAR,HYD,SXR,HYD-SXR,30429,29425,59854,0.044,94.6727
301,HYDERABAD,KOLHAPUR,HYD,,HYDERABAD-KOLHAPUR,30348,29381,59729,0.0439,94.7167
302,DEHRADUN,JAIPUR,DED,JAI,DED-JAI,31877,27620,59497,0.0437,94.7604
303,BHUBANESWAR,PATNA,BBI,PAT,BBI-PAT,29945,29199,59144,0.0435,94.8039
304,AGRA,BENGALURU,,BLR,AGRA-BENGALURU,29862,28726,58588,0.0431,94.8469
305,DELHI,DEOGHAR,DEL,,DELHI-DEOGHAR,29488,28666,58154,0.0428,94.8897
306,PUNE,TRIVANDRUM,PNQ,TRV,PNQ-TRV,29324,28741,58065,0.0427,94.9324
307,DELHI,MANGALORE,DEL,IXE,DEL-IXE,29118,28849,57967,0.0426,94.975
308,MUMBAI,KANDLA,BOM,,MUMBAI-KANDLA,28407,27692,56099,0.0412,95.0162
309,BENGALURU,GWALIOR,BLR,,BENGALURU-GWALIOR,27806,28025,55831,0.041,95.0573
310,DELHI,TIRUPATI,DEL,,DELHI-TIRUPATI,30330,24798,55128,0.0405,95.0978
311,DELHI,JAISALMER,DEL,,DELHI-JAISALMER,27451,27674,55125,0.0405,95.1383
312,INDORE,JAIPUR,IDR,JAI,IDR-JAI,27891,26899,54790,0.0403,95.1786
313,BELGAUM,DELHI,,DEL,BELGAUM-DELHI,28052,26594,54646,0.0402,95.2188
314,BHOPAL,HYDERABAD,BHO,HYD,BHO-HYD,28075,26393,54468,0.04,95.2588
315,HYDERABAD,PORT BLAIR,HYD,IXZ,HYD-IXZ,26491,27969,54460,0.04,95.2989
316,AHMEDABAD,BHUBANESWAR,AMD,BBI,AMD-BBI,27507,26620,54127,0.0398,95.3387
317,DELHI,PANTNAGAR,DEL,,DELHI-PANTNAGAR,26477,26411,52888,0.0389,95.3775
318,HYDERABAD,NAGPUR,HYD,NAG,HYD-NAG,25534,26823,52357,0.0385,95.416
319,HYDERABAD,JABALPUR,HYD,,HYDERABAD-JABALPUR,25156,26915,52071,0.0383,95.4543
320,HYDERABAD,PONDICHERRY,HYD,,HYDERABAD-PONDICHERRY,25877,25359,51236,0.0377,95.492
321,MUMBAI,TIRUPATI,BOM,,MUMBAI-TIRUPATI,26257,24840,51097,0.0376,95.5295
322,BAREILLY,BENGALURU,,BLR,BAREILLY-BENGALURU,25866,25228,51094,0.0376,95.5671
323,GAYA,KOLKATA,,CCU,GAYA-KOLKATA,27591,23037,50628,0.0372,95.6043
324,PUNE,RAIPUR,PNQ,RPR,PNQ-RPR,24698,25167,49865,0.0367,95.641
325,CHENNAI,NAGPUR,MAA,NAG,MAA-NAG,26624,23086,49710,0.0365,95.6775
326,INDORE,NAGPUR,IDR,NAG,IDR-NAG,24458,24640,49098,0.0361,95.7136
327,AHMEDABAD,AMRITSAR,AMD,ATQ,AMD-ATQ,23717,24966,48683,0.0358,95.7494
328,CHENNAI,MYSORE,MAA,,CHENNAI-MYSORE,24032,24518,48550,0.0357,95.7851
329,CHENNAI,MANGALORE,MAA,IXE,MAA-IXE,24712,23793,48505,0.0357,95.8207
330,INDORE,LUCKNOW,IDR,LKO,IDR-LKO,23237,25163,48400,0.0356,95.8563
331,CHENNAI,RAJAHMUNDRY,MAA,,CHENNAI-RAJAHMUNDRY,22719,25397,48116,0.0354,95.8917
332,MUMBAI,HUBLI,BOM,,MUMBAI-HUBLI,24481,23335,47816,0.0352,95.9268
333,BENGALURU,TIRUPATI,BLR,,BENGALURU-TIRUPATI,23937,23760,47697,0.0351,95.9619
334,GORAKHPUR,KOLKATA,,CCU,GORAKHPUR-KOLKATA,24388,23241,47629,0.035,95.9969
335,JAIPUR,LUCKNOW,JAI,LKO,JAI-LKO,23595,23457,47052,0.0346,96.0315
336,HYDERABAD,KOZHIKODE,HYD,,HYDERABAD-KOZHIKODE,23498,23517,47015,0.0346,96.0661
337,GOA,JAIPUR,GOI,JAI,GOI-JAI,24293,22687,46980,0.0345,96.1006
338,AMRITSAR,DABOLIM,ATQ,GOI,ATQ-GOI,22190,24720,46910,0.0345,96.1351
339,BELGAUM,MUMBAI,,BOM,BELGAUM-MUMBAI,23326,23543,46869,0.0345,96.1696
340,KOCHI,TRIVANDRUM,COK,TRV,COK-TRV,23188,23185,46373,0.0341,96.2036
341,AHMEDABAD,RAIPUR,AMD,RPR,AMD-RPR,23552,22596,46148,0.0339,96.2376
342,TIRUPATI,VISAKHAPATNAM,,VTZ,TIRUPATI-VISAKHAPATNAM,21858,23718,45576,0.0335,96.2711
343,HYDERABAD,KANNUR,HYD,,HYDERABAD-KANNUR,22101,22940,45041,0.0331,96.3042
344,AHMEDABAD,RANCHI,AMD,IXR,AMD-IXR,22337,22563,44900,0.033,96.3372
345,DABOLIM,RAIPUR,GOI,RPR,GOI-RPR,21736,23145,44881,0.033,96.3702
346,AIZAWL,DELHI,,DEL,AIZAWL-DELHI,22073,22585,44658,0.0328,96.403
347,VIJAYAWADA,VISAKHAPATNAM,,VTZ,VIJAYAWADA-VISAKHAPATNAM,22182,22129,44311,0.0326,96.4356
348,CHENNAI,KANNUR,MAA,,CHENNAI-KANNUR,23184,21048,44232,0.0325,96.4681
349,LUCKNOW,NAGPUR,LKO,NAG,LKO-NAG,23229,20853,44082,0.0324,96.5005
350,MUMBAI,GWALIOR,BOM,,MUMBAI-GWALIOR,21752,22043,43795,0.0322,96.5327
351,KOCHI,KANNUR,COK,,KOCHI-KANNUR,21134,22563,43697,0.0321,96.5648
352,AHMEDABAD,BHOPAL,AMD,BHO,AMD-BHO,21033,22424,43457,0.0319,96.5968
353,BHUBANESWAR,JAIPUR,BBI,JAI,BBI-JAI,20840,22613,43453,0.0319,96.6287
354,DELHI,HUBLI,DEL,,DELHI-HUBLI,21857,21564,43421,0.0319,96.6606
355,ALLAHABAD,RAIPUR,,RPR,ALLAHABAD-RAIPUR,21782,21067,42849,0.0315,96.6921
356,ALLAHABAD,PUNE,,PNQ,ALLAHABAD-PUNE,21321,21390,42711,0.0314,96.7235
357,JAIPUR,UDAIPUR,JAI,UDR,JAI-UDR,21770,20680,42450,0.0312,96.7548
358,AGATTI ISLAND,KOCHI,,COK,AGATTI ISLAND-KOCHI,18935,22950,41885,0.0308,96.7855
359,BENGALURU,TUTICORIN,BLR,,BENGALURU-TUTICORIN,21472,19819,41291,0.0304,96.8159
360,CHENNAI,HUBLI,MAA,,CHENNAI-HUBLI,20058,21116,41174,0.0303,96.8462
361,BHAVNAGAR,MUMBAI,,BOM,BHAVNAGAR-MUMBAI,20006,21144,41150,0.0303,96.8764
362,JABALPUR,PUNE,,PNQ,JABALPUR-PUNE,20504,20573,41077,0.0302,96.9066
363,KANNUR,TRIVANDRUM,,TRV,KANNUR-TRIVANDRUM,19752,20916,40668,0.0299,96.9365
364,BHUBANESWAR,VARANASI,BBI,VNS,BBI-VNS,19769,20815,40584,0.0298,96.9663
365,HUBLI,HYDERABAD,,HYD,HUBLI-HYDERABAD,20714,19716,40430,0.0297,96.9961
366,KOLHAPUR,TIRUPATI,,,KOLHAPUR-TIRUPATI,17801,22553,40354,0.0297,97.0257
367,GOA,CHANDIGARH,GOI,IXC,GOI-IXC,20306,20047,40353,0.0297,97.0554
368,MUMBAI,DIU,BOM,,MUMBAI-DIU,19585,20407,39992,0.0294,97.0848
369,DELHI,SILCHAR,DEL,,DELHI-SILCHAR,19842,20080,39922,0.0293,97.1141
370,JHARSUGUDA,KOLKATA,,CCU,JHARSUGUDA-KOLKATA,20559,18848,39407,0.029,97.1431
371,BHUBANESWAR,RAIPUR,BBI,RPR,BBI-RPR,19685,19129,38814,0.0285,97.1716
372,DELHI,KANPUR,DEL,,DELHI-KANPUR,19487,19138,38625,0.0284,97.2
373,ALLAHABAD,BHUBANESWAR,,BBI,ALLAHABAD-BHUBANESWAR,18482,20100,38582,0.0284,97.2284
374,INDORE,JABALPUR,IDR,,INDORE-JABALPUR,18895,19686,38581,0.0284,97.2568
375,INDORE,JAMMU,IDR,IXJ,IDR-IXJ,19330,18414,37744,0.0277,97.2845
376,BENGALURU,SRINAGAR,BLR,SXR,BLR-SXR,17916,19797,37713,0.0277,97.3122
377,KOLKATA,SHILLONG,CCU,,KOLKATA-SHILLONG,20442,16700,37142,0.0273,97.3395
378,AMRITSAR,LUCKNOW,ATQ,LKO,ATQ-LKO,18945,17979,36924,0.0271,97.3667
379,GOA,AHMEDABAD,GOI,AMD,GOI-AMD,17543,19378,36921,0.0271,97.3938
380,AGRA,MUMBAI,,BOM,AGRA-MUMBAI,18336,18180,36516,0.0268,97.4207
381,KOLKATA,SRINAGAR,CCU,SXR,CCU-SXR,18107,18242,36349,0.0267,97.4474
382,CHANDIGARH,LEH,IXC,IXL,IXC-IXL,14910,21403,36313,0.0267,97.4741
383,BHOPAL,RAIPUR,BHO,RPR,BHO-RPR,17911,18055,35966,0.0264,97.5005
384,ALLAHABAD,INDORE,,IDR,ALLAHABAD-INDORE,18917,17030,35947,0.0264,97.527
385,BAGDOGRA,GUWAHATI,IXB,GAU,IXB-GAU,32047,3598,35645,0.0262,97.5532
386,MUMBAI,PORT BLAIR,BOM,IXZ,BOM-IXZ,18787,16619,35406,0.026,97.5792
387,AGARTALA,IMPHAL,IXA,IMF,IXA-IMF,14798,19388,34186,0.0251,97.6043
388,LUCKNOW,RAIPUR,LKO,RPR,LKO-RPR,17327,16388,33715,0.0248,97.6291
389,HYDERABAD,CUDDAPAH,HYD,,HYDERABAD-CUDDAPAH,16658,16894,33552,0.0247,97.6538
390,DEHRADUN,PUNE,DED,PNQ,DED-PNQ,17635,15886,33521,0.0246,97.6784
391,MUMBAI,MALVAN,BOM,,MUMBAI-MALVAN,17010,16487,33497,0.0246,97.703
392,ALLAHABAD,DEHRADUN,,DED,ALLAHABAD-DEHRADUN,16313,16928,33241,0.0244,97.7275
393,AHMEDABAD,JODHPUR,AMD,JDH,AMD-JDH,16966,15705,32671,0.024,97.7515
394,DIMAPUR,GUWAHATI,,GAU,DIMAPUR-GUWAHATI,17571,14443,32014,0.0235,97.775
395,JODHPUR,KOLKATA,JDH,CCU,JDH-CCU,16627,15296,31923,0.0235,97.7985
396,KOLKATA,RUPSI,CCU,,KOLKATA-RUPSI,15563,15919,31482,0.0231,97.8216
397,DELHI,KANNUR,DEL,,DELHI-KANNUR,15500,15540,31040,0.0228,97.8445
398,BHUBANESWAR,JHARSUGUDA,BBI,,BHUBANESWAR-JHARSUGUDA,14960,15793,30753,0.0226,97.8671
399,TIRUPATI,VIJAYAWADA,,,TIRUPATI-VIJAYAWADA,15174,15488,30662,0.0225,97.8896
400,BHUJ,MUMBAI,,BOM,BHUJ-MUMBAI,14957,15479,30436,0.0224,97.912
401,PORT BLAIR,VISAKHAPATNAM,IXZ,VTZ,IXZ-VTZ,13271,17099,30370,0.0223,97.9343
402,BENGALURU,PONDICHERRY,BLR,,BENGALURU-PONDICHERRY,14574,15532,30106,0.0221,97.9564
403,BENGALURU,JABALPUR,BLR,,BENGALURU-JABALPUR,14863,15108,29971,0.022,97.9785
404,HYDERABAD,JAGDALPUR,HYD,,HYDERABAD-JAGDALPUR,15018,14893,29911,0.022,98.0005
405,MUMBAI,JAISALMER,BOM,,MUMBAI-JAISALMER,13702,15895,29597,0.0218,98.0222
406,AMRITSAR,PATNA,ATQ,PAT,ATQ-PAT,14667,14593,29260,0.0215,98.0437
407,JAGDALPUR,RAIPUR,,RPR,JAGDALPUR-RAIPUR,14559,14413,28972,0.0213,98.065
408,BAREILLY,DELHI,,DEL,BAREILLY-DELHI,15152,13537,28689,0.0211,98.0861
409,BHAVNAGAR,PUNE,,PNQ,BHAVNAGAR-PUNE,14468,14220,28688,0.0211,98.1072
410,AGARTALA,DIBRUGARH,IXA,,AGARTALA-DIBRUGARH,13266,15232,28498,0.021,98.1282
411,DABOLIM,RAJKOT,GOI,,DABOLIM-RAJKOT,14629,13482,28111,0.0207,98.1488
412,MANGALORE,PUNE,IXE,PNQ,IXE-PNQ,13619,13923,27542,0.0202,98.1691
413,DEHRADUN,KOLKATA,DED,CCU,DED-CCU,14298,13229,27527,0.0202,98.1893
414,DELHI,KHAJURAHO,DEL,,DELHI-KHAJURAHO,13645,13849,27494,0.0202,98.2095
415,HYDERABAD,NASIK,HYD,,HYDERABAD-NASIK,13604,13546,27150,0.02,98.2295
416,MUMBAI,LEH,BOM,IXL,BOM-IXL,26844,10,26854,0.0197,98.2492
417,GOA,PUNE,GOI,PNQ,GOI-PNQ,13931,12810,26741,0.0197,98.2689
418,BIKANER,DELHI,,DEL,BIKANER-DELHI,12995,13743,26738,0.0197,98.2885
419,ITANAGAR,KOLKATA,,CCU,ITANAGAR-KOLKATA,12287,14449,26736,0.0197,98.3082
420,DELHI,KANDLA,DEL,,DELHI-KANDLA,14150,12110,26260,0.0193,98.3275
421,AGARTALA,CHENNAI,IXA,MAA,IXA-MAA,15146,10936,26082,0.0192,98.3467
422,DABOLIM,MYSORE,GOI,,DABOLIM-MYSORE,12581,13311,25892,0.019,98.3657
423,DELHI,JORHAT,DEL,,DELHI-JORHAT,12634,12947,25581,0.0188,98.3845
424,DIBRUGARH,IMPHAL,,IMF,DIBRUGARH-IMPHAL,12669,12851,25520,0.0188,98.4033
425,DIMAPUR,IMPHAL,,IMF,DIMAPUR-IMPHAL,13711,11648,25359,0.0186,98.4219
426,BENGALURU,GORAKHPUR,BLR,,BENGALURU-GORAKHPUR,11738,13503,25241,0.0186,98.4405
427,AHMEDABAD,JAMMU,AMD,IXJ,AMD-IXJ,12798,12276,25074,0.0184,98.4589
428,GUWAHATI,JORHAT,GAU,,GUWAHATI-JORHAT,11559,13301,24860,0.0183,98.4772
429,HYDERABAD,JHARSUGUDA,HYD,,HYDERABAD-JHARSUGUDA,12190,11783,23973,0.0176,98.4948
430,KOLKATA,LILABARI,CCU,,KOLKATA-LILABARI,11344,12538,23882,0.0176,98.5124
431,BHUBANESWAR,RANCHI,BBI,IXR,BBI-IXR,11192,12634,23826,0.0175,98.5299
432,CHANDIGARH,GUWAHATI,IXC,GAU,IXC-GAU,12514,11157,23671,0.0174,98.5473
433,BENGALURU,JHARSUGUDA,BLR,,BENGALURU-JHARSUGUDA,11124,12472,23596,0.0173,98.5646
434,ALLAHABAD,LUCKNOW,,LKO,ALLAHABAD-LUCKNOW,11637,11673,23310,0.0171,98.5818
435,AHMEDABAD,COIMBATORE,AMD,CJB,AMD-CJB,12266,10560,22826,0.0168,98.5985
436,DELHI,TIRUCHIRAPALLY,DEL,,DELHI-TIRUCHIRAPALLY,12841,9901,22742,0.0167,98.6153
437,PUNE,TIRUPATI,PNQ,,PUNE-TIRUPATI,11394,11234,22628,0.0166,98.6319
438,DELHI,KUSHINAGAR,DEL,,DELHI-KUSHINAGAR,11342,11204,22546,0.0166,98.6485
439,CHANDIGARH,DHARAMSALA,IXC,,CHANDIGARH-DHARAMSALA,10268,12275,22543,0.0166,98.665
440,INDORE,JODHPUR,IDR,JDH,IDR-JDH,11291,10706,21997,0.0162,98.6812
441,GOA,CHENNAI,GOI,MAA,GOI-MAA,10295,10678,20973,0.0154,98.6966
442,GOA,NAGPUR,GOI,NAG,GOI-NAG,10040,10880,20920,0.0154,98.712
443,ALLAHABAD,GORAKHPUR,,,ALLAHABAD-GORAKHPUR,12057,8457,20514,0.0151,98.7271
444,CHENNAI,DEHRADUN,MAA,DED,MAA-DED,10368,10132,20500,0.0151,98.7422
445,BENGALURU,DIMAPUR,BLR,,BENGALURU-DIMAPUR,11740,8640,20380,0.015,98.7571
446,AHMEDABAD,BELGAUM,AMD,,AHMEDABAD-BELGAUM,10026,10323,20349,0.015,98.7721
447,MUMBAI,SURAT,BOM,STV,BOM-STV,9932,10090,20022,0.0147,98.7868
448,GWALIOR,HYDERABAD,,HYD,GWALIOR-HYDERABAD,9708,9944,19652,0.0144,98.8013
449,KOCHI,DABOLIM,COK,GOI,COK-GOI,9359,10226,19585,0.0144,98.8157
450,GWALIOR,INDORE,,IDR,GWALIOR-INDORE,9201,9643,18844,0.0139,98.8295
451,CHENNAI,VADODARA,MAA,BDQ,MAA-BDQ,9258,9132,18390,0.0135,98.843
452,ALLAHABAD,BHOPAL,,BHO,ALLAHABAD-BHOPAL,8883,9440,18323,0.0135,98.8565
453,KISHANGARH,DELHI,,DEL,KISHANGARH-DELHI,8711,8874,17585,0.0129,98.8694
454,GUWAHATI,RUPSI,GAU,,GUWAHATI-RUPSI,8925,8493,17418,0.0128,98.8822
455,BENGALURU,JAMMU,BLR,IXJ,BLR-IXJ,9095,8261,17356,0.0128,98.895
456,IMPHAL,SHILLONG,IMF,,IMPHAL-SHILLONG,8790,8339,17129,0.0126,98.9076
457,CHENNAI,DIBRUGARH,MAA,,CHENNAI-DIBRUGARH,8749,8378,17127,0.0126,98.9202
458,AMRITSAR,JAIPUR,ATQ,JAI,ATQ-JAI,8341,8566,16907,0.0124,98.9326
459,GUWAHATI,TEZU,GAU,,GUWAHATI-TEZU,7798,9086,16884,0.0124,98.945
460,BENGALURU,IMPHAL,BLR,IMF,BLR-IMF,9179,7596,16775,0.0123,98.9573
461,DEOGHAR,KOLKATA,,CCU,DEOGHAR-KOLKATA,8667,8050,16717,0.0123,98.9696
462,LUCKNOW,SRINAGAR,LKO,SXR,LKO-SXR,7641,9021,16662,0.0122,98.9819
463,GWALIOR,KOLKATA,,CCU,GWALIOR-KOLKATA,8375,7601,15976,0.0117,98.9936
464,DEHRADUN,VARANASI,DED,VNS,DED-VNS,7944,7783,15727,0.0116,99.0052
465,PUNE,VISAKHAPATNAM,PNQ,VTZ,PNQ-VTZ,7820,7878,15698,0.0115,99.0167
466,MUMBAI,IMPHAL,BOM,IMF,BOM-IMF,7479,8023,15502,0.0114,99.0281
467,KISHANGARH,HYDERABAD,,HYD,KISHANGARH-HYDERABAD,7510,7982,15492,0.0114,99.0395
468,BENGALURU,KOLHAPUR,BLR,,BENGALURU-KOLHAPUR,7908,7470,15378,0.0113,99.0508
469,CHANDIGARH,INDORE,IXC,IDR,IXC-IDR,7292,7937,15229,0.0112,99.062
470,GORAKHPUR,LUCKNOW,,LKO,GORAKHPUR-LUCKNOW,8592,6598,15190,0.0112,99.0732
471,AHMEDABAD,KOLHAPUR,AMD,,AHMEDABAD-KOLHAPUR,8174,6895,15069,0.0111,99.0843
472,AGARTALA,SHILLONG,IXA,,AGARTALA-SHILLONG,8123,6945,15068,0.0111,99.0953
473,AGRA,AHMEDABAD,,AMD,AGRA-AHMEDABAD,7457,7460,14917,0.011,99.1063
474,MUMBAI,PORBANDAR,BOM,,MUMBAI-PORBANDAR,8113,6715,14828,0.0109,99.1172
475,BHOPAL,KOCHI,BHO,COK,BHO-COK,7139,7682,14821,0.0109,99.1281
476,KURNOOL,VISAKHAPATNAM,,VTZ,KURNOOL-VISAKHAPATNAM,7349,7359,14708,0.0108,99.1389
477,SHIRDI,TIRUPATI,,,SHIRDI-TIRUPATI,7265,7346,14611,0.0107,99.1497
478,AHMEDABAD,BHUJ,AMD,,AHMEDABAD-BHUJ,7316,7235,14551,0.0107,99.1604
479,AIZAWL,IMPHAL,,IMF,AIZAWL-IMPHAL,7345,7147,14492,0.0107,99.171
480,AHMEDABAD,NASIK,AMD,,AHMEDABAD-NASIK,7308,6946,14254,0.0105,99.1815
481,MADURAI,TIRUPATI,IXM,,MADURAI-TIRUPATI,7460,6591,14051,0.0103,99.1918
482,BENGALURU,JORHAT,BLR,,BENGALURU-JORHAT,7311,6724,14035,0.0103,99.2021
483,BHUBANESWAR,LUCKNOW,BBI,LKO,BBI-LKO,7994,5960,13954,0.0103,99.2124
484,GHAZIABAD,HUBLI,,,GHAZIABAD-HUBLI,6919,6741,13660,0.01,99.2224
485,JAIPUR,VARANASI,JAI,VNS,JAI-VNS,6981,6449,13430,0.0099,99.2323
486,KOLKATA,UDAIPUR,CCU,UDR,CCU-UDR,6910,6434,13344,0.0098,99.2421
487,AGARTALA,AIZAWL,IXA,,AGARTALA-AIZAWL,6949,6160,13109,0.0096,99.2518
488,BHUBANESWAR,CHANDIGARH,BBI,IXC,BBI-IXC,6763,6262,13025,0.0096,99.2613
489,BENGALURU,VIDYANAGAR,BLR,,BENGALURU-VIDYANAGAR,6311,6701,13012,0.0096,99.2709
490,DEHRADUN,PANTNAGAR,DED,,DEHRADUN-PANTNAGAR,6360,6582,12942,0.0095,99.2804
491,KOCHI,MYSORE,COK,,KOCHI-MYSORE,6533,6305,12838,0.0094,99.2898
492,RAJAHMUNDRY,VISAKHAPATNAM,,VTZ,RAJAHMUNDRY-VISAKHAPATNAM,6777,5866,12643,0.0093,99.2991
493,NASIK,PUNE,,PNQ,NASIK-PUNE,6161,6095,12256,0.009,99.3081
494,IMPHAL,SILCHAR,IMF,,IMPHAL-SILCHAR,6120,5813,11933,0.0088,99.3169
495,DELHI,KULLU,DEL,,DELHI-KULLU,8099,3774,11873,0.0087,99.3257
496,AGRA,LUCKNOW,,LKO,AGRA-LUCKNOW,5605,6197,11802,0.0087,99.3343
497,LUCKNOW,PANTNAGAR,LKO,,LUCKNOW-PANTNAGAR,6088,5668,11756,0.0086,99.343
498,HUBLI,MANGALORE,,IXE,HUBLI-MANGALORE,6425,5249,11674,0.0086,99.3516
499,BHOPAL,PUNE,BHO,PNQ,BHO-PNQ,6120,5394,11514,0.0085,99.36
500,AHMEDABAD,GWALIOR,AMD,,AHMEDABAD-GWALIOR,5599,5847,11446,0.0084,99.3684
501,HYDERABAD,JAMNAGAR,HYD,,HYDERABAD-JAMNAGAR,5963,5467,11430,0.0084,99.3768
502,CHENNAI,SRINAGAR,MAA,SXR,MAA-SXR,5941,5402,11343,0.0083,99.3852
503,COIMBATORE,SURAT,CJB,STV,CJB-STV,6028,5297,11325,0.0083,99.3935
504,BENGALURU,KURNOOL,BLR,,BENGALURU-KURNOOL,4879,6440,11319,0.0083,99.4018
505,JAIPUR,PATNA,JAI,PAT,JAI-PAT,5440,5863,11303,0.0083,99.4101
506,KOLKATA,TRIVANDRUM,CCU,TRV,CCU-TRV,6112,5182,11294,0.0083,99.4184
507,COIMBATORE,JAIPUR,CJB,JAI,CJB-JAI,6542,4694,11236,0.0083,99.4267
508,BENGALURU,JAMNAGAR,BLR,,BENGALURU-JAMNAGAR,5555,5468,11023,0.0081,99.4348
509,CHENNAI,KURNOOL,MAA,,CHENNAI-KURNOOL,5459,5528,10987,0.0081,99.4429
510,BELGAUM,PUNE,,PNQ,BELGAUM-PUNE,5502,5417,10919,0.008,99.4509
511,GUWAHATI,PASIGHAT,GAU,,GUWAHATI-PASIGHAT,5464,5320,10784,0.0079,99.4588
512,DELHI,PAKYONG,DEL,,DELHI-PAKYONG,5760,4914,10674,0.0078,99.4667
513,AIZAWL,SHILLONG,,,AIZAWL-SHILLONG,5471,5200,10671,0.0078,99.4745
514,ALLAHABAD,BILASPUR,,,ALLAHABAD-BILASPUR,5564,5057,10621,0.0078,99.4823
515,HYDERABAD,VIDYANAGAR,HYD,,HYDERABAD-VIDYANAGAR,5290,5326,10616,0.0078,99.4901
516,CUDDAPAH,VISAKHAPATNAM,,VTZ,CUDDAPAH-VISAKHAPATNAM,5147,5439,10586,0.0078,99.4979
517,BELGAUM,JODHPUR,,JDH,BELGAUM-JODHPUR,5243,4904,10147,0.0075,99.5054
518,AHMEDABAD,GUWAHATI,AMD,GAU,AMD-GAU,5082,4927,10009,0.0074,99.5127
519,JHARSUGUDA,RAIPUR,,RPR,JHARSUGUDA-RAIPUR,5684,4223,9907,0.0073,99.52
520,GUWAHATI,VARANASI,GAU,VNS,GAU-VNS,4901,5003,9904,0.0073,99.5273
521,BENGALURU,BIDAR,BLR,,BENGALURU-BIDAR,4701,5189,9890,0.0073,99.5346
522,BHOPAL,CHENNAI,BHO,MAA,BHO-MAA,4511,5362,9873,0.0073,99.5418
523,RAIPUR,SRINAGAR,RPR,SXR,RPR-SXR,4889,4914,9803,0.0072,99.549
524,JAIPUR,JAISALMER,JAI,,JAIPUR-JAISALMER,5064,4655,9719,0.0071,99.5562
525,AHMEDABAD,VISAKHAPATNAM,AMD,VTZ,AMD-VTZ,5537,3986,9523,0.007,99.5632
526,BILASPUR,DELHI,,DEL,BILASPUR-DELHI,4705,4761,9466,0.007,99.5701
527,CHENNAI,CUDDAPAH,MAA,,CHENNAI-CUDDAPAH,4115,5333,9448,0.0069,99.5771
528,MUMBAI,DIBRUGARH,BOM,,MUMBAI-DIBRUGARH,5443,3918,9361,0.0069,99.584
529,BELGAUM,SURAT,,STV,BELGAUM-SURAT,4823,4474,9297,0.0068,99.5908
530,COIMBATORE,GUWAHATI,CJB,GAU,CJB-GAU,5887,3347,9234,0.0068,99.5976
531,KISHANGARH,SURAT,,STV,KISHANGARH-SURAT,4372,4860,9232,0.0068,99.6044
532,GONDIA,INDORE,,IDR,GONDIA-INDORE,4636,4415,9051,0.0067,99.611
533,BILASPUR,JABALPUR,,,BILASPUR-JABALPUR,3988,4949,8937,0.0066,99.6176
534,AHMEDABAD,UDAIPUR,AMD,UDR,AMD-UDR,4390,4483,8873,0.0065,99.6241
535,DELHI,SIMLA,DEL,,DELHI-SIMLA,5262,3577,8839,0.0065,99.6306
536,SHILLONG,SILCHAR,,,SHILLONG-SILCHAR,3845,4936,8781,0.0065,99.6371
537,BELGAUM,INDORE,,IDR,BELGAUM-INDORE,4469,4300,8769,0.0064,99.6435
538,DHARAMSALA,JAIPUR,,JAI,DHARAMSALA-JAIPUR,3483,5234,8717,0.0064,99.6499
539,AGARTALA,AHMEDABAD,IXA,AMD,IXA-AMD,3822,4631,8453,0.0062,99.6561
540,KISHANGARH,MUMBAI,,BOM,KISHANGARH-MUMBAI,4100,4282,8382,0.0062,99.6623
541,BENGALURU,MYSORE,BLR,,BENGALURU-MYSORE,2883,5460,8343,0.0061,99.6684
542,KALABURAGI,TIRUPATI,,,KALABURAGI-TIRUPATI,4753,3429,8182,0.006,99.6744
543,MUMBAI,KESHOD,BOM,,MUMBAI-KESHOD,4017,3823,7840,0.0058,99.6802
544,RAJAHMUNDRY,TIRUPATI,,,RAJAHMUNDRY-TIRUPATI,4250,3490,7740,0.0057,99.6859
545,CHENNAI,DARBHANGA,MAA,,CHENNAI-DARBHANGA,4959,2768,7727,0.0057,99.6916
546,GOA,KOLKATA,GOI,CCU,GOI-CCU,4116,3585,7701,0.0057,99.6972
547,KOLKATA,MANGALORE,CCU,IXE,CCU-IXE,3635,3978,7613,0.0056,99.7028
548,IMPHAL,TEZU,IMF,,IMPHAL-TEZU,4154,3422,7576,0.0056,99.7084
549,BELGAUM,TIRUPATI,,,BELGAUM-TIRUPATI,4019,3551,7570,0.0056,99.714
550,HYDERABAD,IMPHAL,HYD,IMF,HYD-IMF,3541,3939,7480,0.0055,99.7195
551,DELHI,JAGDALPUR,DEL,,DELHI-JAGDALPUR,3013,4428,7441,0.0055,99.7249
552,DEHRADUN,GUWAHATI,DED,GAU,DED-GAU,4372,2909,7281,0.0054,99.7303
553,KOLKATA,PAKYONG,CCU,,KOLKATA-PAKYONG,3853,3402,7255,0.0053,99.7356
554,BHUBANESWAR,ROURKELA,BBI,,BHUBANESWAR-ROURKELA,3495,3647,7142,0.0053,99.7409
555,GONDIA,HYDERABAD,,HYD,GONDIA-HYDERABAD,3588,3544,7132,0.0052,99.7461
556,KISHANGARH,INDORE,,IDR,KISHANGARH-INDORE,3380,3531,6911,0.0051,99.7512
557,PUNE,SURAT,PNQ,STV,PNQ-STV,3345,3508,6853,0.005,99.7562
558,COIMBATORE,TIRUPATI,CJB,,COIMBATORE-TIRUPATI,2873,3918,6791,0.005,99.7612
559,BENGALURU,CUDDAPAH,BLR,,BENGALURU-CUDDAPAH,2690,4025,6715,0.0049,99.7662
560,GHAZIABAD,KALABURAGI,,,GHAZIABAD-KALABURAGI,3269,3334,6603,0.0049,99.771
561,DELHI,PATHANKOT,DEL,,DELHI-PATHANKOT,3186,3302,6488,0.0048,99.7758
562,AHMEDABAD,JAISALMER,AMD,,AHMEDABAD-JAISALMER,2840,3584,6424,0.0047,99.7805
563,GWALIOR,JAMMU,,IXJ,GWALIOR-JAMMU,3354,2991,6345,0.0047,99.7852
564,DIMAPUR,SHILLONG,,,DIMAPUR-SHILLONG,3021,3156,6177,0.0045,99.7897
565,CUDDAPAH,VIJAYAWADA,,,CUDDAPAH-VIJAYAWADA,3162,2978,6140,0.0045,99.7942
566,HYDERABAD,JAMMU,HYD,IXJ,HYD-IXJ,5312,825,6137,0.0045,99.7987
567,BILASPUR,INDORE,,IDR,BILASPUR-INDORE,3368,2473,5841,0.0043,99.803
568,BELGAUM,NAGPUR,,NAG,BELGAUM-NAGPUR,2856,2956,5812,0.0043,99.8073
569,HUBLI,MYSORE,,,HUBLI-MYSORE,3327,2483,5810,0.0043,99.8116
570,CHANDIGARH,KULLU,IXC,,CHANDIGARH-KULLU,4057,1674,5731,0.0042,99.8158
571,DIBRUGARH,SHILLONG,,,DIBRUGARH-SHILLONG,2284,3446,5730,0.0042,99.82
572,GORAKHPUR,VARANASI,,VNS,GORAKHPUR-VARANASI,3679,2045,5724,0.0042,99.8242
573,AGRA,BHOPAL,,BHO,AGRA-BHOPAL,2395,3243,5638,0.0041,99.8284
574,BELGAUM,NASIK,,,BELGAUM-NASIK,2900,2712,5612,0.0041,99.8325
575,COIMBATORE,VISAKHAPATNAM,CJB,VTZ,CJB-VTZ,1262,4134,5396,0.004,99.8365
576,MUMBAI,KOLHAPUR,BOM,,MUMBAI-KOLHAPUR,2780,2560,5340,0.0039,99.8404
577,RAIPUR,VISAKHAPATNAM,RPR,VTZ,RPR-VTZ,5183,0,5183,0.0038,99.8442
578,BHOPAL,UDAIPUR,BHO,UDR,BHO-UDR,2541,2641,5182,0.0038,99.848
579,AMRITSAR,CHENNAI,ATQ,MAA,ATQ-MAA,2173,2980,5153,0.0038,99.8518
580,AHMEDABAD,TRIVANDRUM,AMD,TRV,AMD-TRV,2803,2326,5129,0.0038,99.8556
581,BENGALURU,SILCHAR,BLR,,BENGALURU-SILCHAR,2558,2288,4846,0.0036,99.8591
582,PATNA,VARANASI,PAT,VNS,PAT-VNS,2350,2459,4809,0.0035,99.8627
583,AIZAWL,MUMBAI,,BOM,AIZAWL-MUMBAI,2580,2168,4748,0.0035,99.8661
584,DABOLIM,GUWAHATI,GOI,GAU,GOI-GAU,4711,4,4715,0.0035,99.8696
585,KOCHI,RANCHI,COK,IXR,COK-IXR,2658,1974,4632,0.0034,99.873
586,AHMEDABAD,DURGAPUR,AMD,,AHMEDABAD-DURGAPUR,1979,2591,4570,0.0034,99.8764
587,JAIPUR,VADODARA,JAI,BDQ,JAI-BDQ,2371,2100,4471,0.0033,99.8797
588,DELHI,PORBANDAR,DEL,,DELHI-PORBANDAR,2372,2073,4445,0.0033,99.8829
589,AMRITSAR,GUWAHATI,ATQ,GAU,ATQ-GAU,1913,2499,4412,0.0032,99.8862
590,MUMBAI,GAYA,BOM,,MUMBAI-GAYA,2173,2030,4203,0.0031,99.8893
591,AMRITSAR,HYDERABAD,ATQ,HYD,ATQ-HYD,2365,1806,4171,0.0031,99.8923
592,GUWAHATI,ITANAGAR,GAU,,GUWAHATI-ITANAGAR,1673,2493,4166,0.0031,99.8954
593,JAMMU,VARANASI,IXJ,VNS,IXJ-VNS,1959,2067,4026,0.003,99.8984
594,KOCHI,PATNA,COK,PAT,COK-PAT,2217,1567,3784,0.0028,99.9011
595,JAIPUR,JODHPUR,JAI,JDH,JAI-JDH,1682,2102,3784,0.0028,99.9039
596,MUMBAI,DIMAPUR,BOM,,MUMBAI-DIMAPUR,2093,1566,3659,0.0027,99.9066
597,DURGAPUR,GUWAHATI,,GAU,DURGAPUR-GUWAHATI,1795,1816,3611,0.0027,99.9093
598,COIMBATORE,KOLKATA,CJB,CCU,CJB-CCU,1694,1781,3475,0.0026,99.9118
599,MADURAI,VIJAYAWADA,IXM,,MADURAI-VIJAYAWADA,1868,1553,3421,0.0025,99.9143
600,KOCHI,LUCKNOW,COK,LKO,COK-LKO,1663,1368,3031,0.0022,99.9166
601,GUWAHATI,JODHPUR,GAU,JDH,GAU-JDH,1296,1705,3001,0.0022,99.9188
602,GORAKHPUR,KANPUR,,,GORAKHPUR-KANPUR,1455,1308,2763,0.002,99.9208
603,JABALPUR,KOLKATA,,CCU,JABALPUR-KOLKATA,1451,1295,2746,0.002,99.9228
604,VARANASI,VISAKHAPATNAM,VNS,VTZ,VNS-VTZ,1638,1101,2739,0.002,99.9248
605,DIBRUGARH,DIMAPUR,,,DIBRUGARH-DIMAPUR,1650,1081,2731,0.002,99.9268
606,KOCHI,RAIPUR,COK,RPR,COK-RPR,1333,1236,2569,0.0019,99.9287
607,GUWAHATI,LILABARI,GAU,,GUWAHATI-LILABARI,1247,1322,2569,0.0019,99.9306
608,CHENNAI,NASIK,MAA,,CHENNAI-NASIK,1205,1344,2549,0.0019,99.9325
609,GUWAHATI,SHILLONG,GAU,,GUWAHATI-SHILLONG,1414,1114,2528,0.0019,99.9343
610,LUCKNOW,VARANASI,LKO,VNS,LKO-VNS,936,1562,2498,0.0018,99.9362
611,COIMBATORE,MANGALORE,CJB,IXE,CJB-IXE,494,1976,2470,0.0018,99.938
612,KOCHI,VARANASI,COK,VNS,COK-VNS,972,1452,2424,0.0018,99.9398
613,CHANDIGARH,KOCHI,IXC,COK,IXC-COK,1024,1285,2309,0.0017,99.9415
614,GUWAHATI,TEZPUR,GAU,,GUWAHATI-TEZPUR,1312,964,2276,0.0017,99.9432
615,AHMEDABAD,SHIRDI,AMD,,AHMEDABAD-SHIRDI,1293,969,2262,0.0017,99.9448
616,CHENNAI,JABALPUR,MAA,,CHENNAI-JABALPUR,854,1344,2198,0.0016,99.9464
617,BHUBANESWAR,JEYPORE,BBI,,BHUBANESWAR-JEYPORE,1059,1081,2140,0.0016,99.948
618,HUBLI,PUNE,,PNQ,HUBLI-PUNE,1306,810,2116,0.0016,99.9496
619,CHANDIGARH,DEHRADUN,IXC,DED,IXC-DED,203,1877,2080,0.0015,99.9511
620,RANCHI,VARANASI,IXR,VNS,IXR-VNS,1754,241,1995,0.0015,99.9526
621,MUMBAI,JHARSUGUDA,BOM,,MUMBAI-JHARSUGUDA,977,874,1851,0.0014,99.9539
622,GOA,NASIK,GOI,,GOA-NASIK,863,941,1804,0.0013,99.9552
623,KOLKATA,TEZPUR,CCU,,KOLKATA-TEZPUR,0,1797,1797,0.0013,99.9566
624,DELHI,SHILLONG,DEL,,DELHI-SHILLONG,1044,746,1790,0.0013,99.9579
625,MUMBAI,SILCHAR,BOM,,MUMBAI-SILCHAR,528,1247,1775,0.0013,99.9592
626,JEYPORE,VISAKHAPATNAM,,VTZ,JEYPORE-VISAKHAPATNAM,940,816,1756,0.0013,99.9605
627,NAGPUR,NASIK,NAG,,NAGPUR-NASIK,865,846,1711,0.0013,99.9617
628,GOA,AMRITSAR,GOI,ATQ,GOI-ATQ,789,779,1568,0.0012,99.9629
629,DABOLIM,KANNUR,GOI,,DABOLIM-KANNUR,707,809,1516,0.0011,99.964
630,MUMBAI,ITANAGAR,BOM,,MUMBAI-ITANAGAR,741,697,1438,0.0011,99.9651
631,AMRITSAR,JAMMU,ATQ,IXJ,ATQ-IXJ,0,1394,1394,0.001,99.9661
632,HYDERABAD,KANPUR,HYD,,HYDERABAD-KANPUR,718,653,1371,0.001,99.9671
633,AGARTALA,VISAKHAPATNAM,IXA,VTZ,IXA-VTZ,671,695,1366,0.001,99.9681
634,MUMBAI,PUNE,BOM,PNQ,BOM-PNQ,878,476,1354,0.001,99.9691
635,KANNUR,KOZHIKODE,,,KANNUR-KOZHIKODE,132,1207,1339,0.001,99.9701
636,JAMMU,KOLKATA,IXJ,CCU,IXJ-CCU,381,856,1237,0.0009,99.971
637,DEHRADUN,PATNA,DED,PAT,DED-PAT,0,1201,1201,0.0009,99.9719
638,COIMBATORE,RAIPUR,CJB,RPR,CJB-RPR,557,574,1131,0.0008,99.9727
639,AMRITSAR,CHANDIGARH,ATQ,IXC,ATQ-IXC,472,643,1115,0.0008,99.9735
640,COIMBATORE,DABOLIM,CJB,GOI,CJB-GOI,1105,0,1105,0.0008,99.9743
641,SHIRDI,VISAKHAPATNAM,,VTZ,SHIRDI-VISAKHAPATNAM,507,524,1031,0.0008,99.9751
642,CHANDIGARH,VADODARA,IXC,BDQ,IXC-BDQ,127,884,1011,0.0007,99.9758
643,CHENNAI,KANPUR,MAA,,CHENNAI-KANPUR,585,414,999,0.0007,99.9766
644,KHAJURAHO,VARANASI,,VNS,KHAJURAHO-VARANASI,646,347,993,0.0007,99.9773
645,BENGALURU,NASIK,BLR,,BENGALURU-NASIK,525,375,900,0.0007,99.978
646,GOA,KOCHI,GOI,COK,GOI-COK,0,879,879,0.0006,99.9786
647,DURGAPUR,TRIVANDRUM,,TRV,DURGAPUR-TRIVANDRUM,371,446,817,0.0006,99.9792
648,INDORE,UDAIPUR,IDR,UDR,IDR-UDR,405,342,747,0.0005,99.9798
649,HUBLI,KANNUR,,,HUBLI-KANNUR,377,359,736,0.0005,99.9803
650,GOA,BHUBANESWAR,GOI,BBI,GOI-BBI,385,345,730,0.0005,99.9808
651,LILABARI,SHILLONG,,,LILABARI-SHILLONG,246,481,727,0.0005,99.9814
652,GOA,RANCHI,GOI,IXR,GOI-IXR,344,363,707,0.0005,99.9819
653,JAMSHEDPUR,KOLKATA,,CCU,JAMSHEDPUR-KOLKATA,385,321,706,0.0005,99.9824
654,MANGALORE,RANCHI,IXE,IXR,IXE-IXR,426,264,690,0.0005,99.9829
655,DELHI,ITANAGAR,DEL,,DELHI-ITANAGAR,291,346,637,0.0005,99.9834
656,CHENNAI,GORAKHPUR,MAA,,CHENNAI-GORAKHPUR,622,0,622,0.0005,99.9838
657,SHIRDI,VIJAYAWADA,,,SHIRDI-VIJAYAWADA,287,305,592,0.0004,99.9843
658,GOA,RAJKOT,GOI,,GOA-RAJKOT,288,302,590,0.0004,99.9847
659,JAIPUR,RAJKOT,JAI,,JAIPUR-RAJKOT,346,243,589,0.0004,99.9851
660,GOA,COIMBATORE,GOI,CJB,GOI-CJB,287,276,563,0.0004,99.9856
661,AHMEDABAD,PORT BLAIR,AMD,IXZ,AMD-IXZ,463,92,555,0.0004,99.986
662,BHUBANESWAR,DEHRADUN,BBI,DED,BBI-DED,0,552,552,0.0004,99.9864
663,HUBLI,TIRUPATI,,,HUBLI-TIRUPATI,296,244,540,0.0004,99.9868
664,BHUBANESWAR,JAMSHEDPUR,BBI,,BHUBANESWAR-JAMSHEDPUR,224,289,513,0.0004,99.9871
665,GUWAHATI,UDAIPUR,GAU,UDR,GAU-UDR,166,316,482,0.0004,99.9875
666,COIMBATORE,KOLHAPUR,CJB,,COIMBATORE-KOLHAPUR,261,207,468,0.0003,99.9878
667,DABOLIM,VIJAYAWADA,GOI,,DABOLIM-VIJAYAWADA,0,468,468,0.0003,99.9882
668,PASIGHAT,TEZPUR,,,PASIGHAT-TEZPUR,238,229,467,0.0003,99.9885
669,KOCHI,VISAKHAPATNAM,COK,VTZ,COK-VTZ,465,0,465,0.0003,99.9889
670,INDORE,SHIRDI,IDR,,INDORE-SHIRDI,248,195,443,0.0003,99.9892
671,KULLU,SIMLA,,,KULLU-SIMLA,216,226,442,0.0003,99.9895
672,JAIPUR,RAIPUR,JAI,RPR,JAI-RPR,218,219,437,0.0003,99.9898
673,AGATTI ISLAND,BENGALURU,,BLR,AGATTI ISLAND-BENGALURU,218,212,430,0.0003,99.9902
674,AMRITSAR,DEHRADUN,ATQ,DED,ATQ-DED,91,333,424,0.0003,99.9905
675,COOCH BEHAR,KOLKATA,,CCU,COOCH BEHAR-KOLKATA,211,208,419,0.0003,99.9908
676,AURANGABAD,BENGALURU,,BLR,AURANGABAD-BENGALURU,201,216,417,0.0003,99.9911
677,NASIK,TIRUPATI,,,NASIK-TIRUPATI,204,208,412,0.0003,99.9914
678,LILABARI,TEZPUR,,,LILABARI-TEZPUR,387,15,402,0.0003,99.9917
679,KOLKATA,PASIGHAT,CCU,,KOLKATA-PASIGHAT,6,386,392,0.0003,99.992
680,PUNE,VARANASI,PNQ,VNS,PNQ-VNS,274,104,378,0.0003,99.9922
681,NAGPUR,RAIPUR,NAG,RPR,NAG-RPR,376,0,376,0.0003,99.9925
682,KOCHI,COIMBATORE,COK,CJB,COK-CJB,0,358,358,0.0003,99.9928
683,GOA,VARANASI,GOI,VNS,GOI-VNS,179,177,356,0.0003,99.993
684,COIMBATORE,DURGAPUR,CJB,,COIMBATORE-DURGAPUR,204,146,350,0.0003,99.9933
685,GWALIOR,JABALPUR,,,GWALIOR-JABALPUR,209,129,338,0.0002,99.9936
686,KANNUR,TIRUCHIRAPALLY,,,KANNUR-TIRUCHIRAPALLY,261,66,327,0.0002,99.9938
687,GOA,VISAKHAPATNAM,GOI,VTZ,GOI-VTZ,140,187,327,0.0002,99.994
688,TIRUCHIRAPALLY,TIRUPATI,,,TIRUCHIRAPALLY-TIRUPATI,195,129,324,0.0002,99.9943
689,DIBRUGARH,ITANAGAR,,,DIBRUGARH-ITANAGAR,175,135,310,0.0002,99.9945
690,JAIPUR,PANTNAGAR,JAI,,JAIPUR-PANTNAGAR,183,126,309,0.0002,99.9947
691,DHARAMSALA,SIMLA,,,DHARAMSALA-SIMLA,179,123,302,0.0002,99.9949
692,AHMEDABAD,VADODARA,AMD,BDQ,AMD-BDQ,0,292,292,0.0002,99.9952
693,CHENNAI,UDAIPUR,MAA,UDR,MAA-UDR,153,128,281,0.0002,99.9954
694,DURGAPUR,VADODARA,,BDQ,DURGAPUR-VADODARA,0,274,274,0.0002,99.9956
695,AIZAWL,DIMAPUR,,,AIZAWL-DIMAPUR,4,269,273,0.0002,99.9958
696,BHOPAL,INDORE,BHO,IDR,BHO-IDR,107,157,264,0.0002,99.996
697,AGATTI ISLAND,MYSORE,,,AGATTI ISLAND-MYSORE,177,80,257,0.0002,99.9962
698,GOA,LUCKNOW,GOI,LKO,GOI-LKO,100,151,251,0.0002,99.9963
699,AHMEDABAD,SRINAGAR,AMD,SXR,AMD-SXR,117,123,240,0.0002,99.9965
700,BAREILLY,JAIPUR,,JAI,BAREILLY-JAIPUR,162,77,239,0.0002,99.9967
701,BAGDOGRA,RANCHI,IXB,IXR,IXB-IXR,93,123,216,0.0002,99.9968
702,JAIPUR,NAGPUR,JAI,NAG,JAI-NAG,0,188,188,0.0001,99.997
703,COIMBATORE,KOZHIKODE,CJB,,COIMBATORE-KOZHIKODE,172,0,172,0.0001,99.9971
704,KOZHIKODE,TRIVANDRUM,,TRV,KOZHIKODE-TRIVANDRUM,0,169,169,0.0001,99.9972
705,BHOPAL,LUCKNOW,BHO,LKO,BHO-LKO,160,0,160,0.0001,99.9974
706,RANCHI,VISAKHAPATNAM,IXR,VTZ,IXR-VTZ,56,102,158,0.0001,99.9975
707,IMPHAL,LUCKNOW,IMF,LKO,IMF-LKO,1,154,155,0.0001,99.9976
708,DEOGHAR,RANCHI,,IXR,DEOGHAR-RANCHI,87,65,152,0.0001,99.9977
709,ITANAGAR,ZIRO,,,ITANAGAR-ZIRO,69,78,147,0.0001,99.9978
710,KANNUR,MANGALORE,,IXE,KANNUR-MANGALORE,63,77,140,0.0001,99.9979
711,ITANAGAR,PASIGHAT,,,ITANAGAR-PASIGHAT,64,72,136,0.0001,99.998
712,BAGDOGRA,SILCHAR,IXB,,BAGDOGRA-SILCHAR,133,0,133,0.0001,99.9981
713,DURGAPUR,KOLKATA,,CCU,DURGAPUR-KOLKATA,0,132,132,0.0001,99.9982
714,DIBRUGARH,TEZU,,,DIBRUGARH-TEZU,20,100,120,0.0001,99.9983
715,DEOGHAR,PATNA,,PAT,DEOGHAR-PATNA,44,74,118,0.0001,99.9984
716,AHMEDABAD,RAJKOT,AMD,,AHMEDABAD-RAJKOT,0,115,115,0.0001,99.9985
717,CHENNAI,TIRUPATI,MAA,,CHENNAI-TIRUPATI,112,0,112,0.0001,99.9985
718,AGARTALA,BHUBANESWAR,IXA,BBI,IXA-BBI,18,90,108,0.0001,99.9986
719,PATNA,TRIVANDRUM,PAT,TRV,PAT-TRV,104,0,104,0.0001,99.9987
720,GORAKHPUR,JAIPUR,,JAI,GORAKHPUR-JAIPUR,97,0,97,0.0001,99.9988
721,SRINAGAR,VARANASI,SXR,VNS,SXR-VNS,93,0,93,0.0001,99.9988
722,AMRITSAR,RAJKOT,ATQ,,AMRITSAR-RAJKOT,0,86,86,0.0001,99.9989
723,PATNA,SRINAGAR,PAT,SXR,PAT-SXR,0,83,83,0.0001,99.999
724,KOLKATA,ROURKELA,CCU,,KOLKATA-ROURKELA,27,52,79,0.0001,99.999
725,DEHRADUN,JAMMU,DED,IXJ,DED-IXJ,25,43,68,0.0,99.9991
726,COIMBATORE,MYSORE,CJB,,COIMBATORE-MYSORE,58,0,58,0.0,99.9991
727,DIBRUGARH,ZIRO,,,DIBRUGARH-ZIRO,27,30,57,0.0,99.9992
728,MANGALORE,RAIPUR,IXE,RPR,IXE-RPR,0,55,55,0.0,99.9992
729,RAJAHMUNDRY,VIJAYAWADA,,,RAJAHMUNDRY-VIJAYAWADA,4,51,55,0.0,99.9992
730,GOA,GUWAHATI,GOI,GAU,GOI-GAU,35,15,50,0.0,99.9993
731,KOCHI,INDORE,COK,IDR,COK-IDR,22,26,48,0.0,99.9993
732,INDORE,TRIVANDRUM,IDR,TRV,IDR-TRV,32,15,47,0.0,99.9993
733,RANCHI,SHILLONG,IXR,,RANCHI-SHILLONG,0,43,43,0.0,99.9994
734,KOCHI,NAGPUR,COK,NAG,COK-NAG,8,32,40,0.0,99.9994
735,TRIVANDRUM,TUTICORIN,TRV,,TRIVANDRUM-TUTICORIN,37,0,37,0.0,99.9994
736,BHUBANESWAR,GUWAHATI,BBI,GAU,BBI-GAU,0,35,35,0.0,99.9995
737,BHOPAL,BILASPUR,BHO,,BHOPAL-BILASPUR,13,21,34,0.0,99.9995
738,KOCHI,KOZHIKODE,COK,,KOCHI-KOZHIKODE,34,0,34,0.0,99.9995
739,DABOLIM,DARBHANGA,GOI,,DABOLIM-DARBHANGA,0,32,32,0.0,99.9995
740,KANNUR,VARANASI,,VNS,KANNUR-VARANASI,31,0,31,0.0,99.9996
741,MUMBAI,VIJAYAWADA,BOM,,MUMBAI-VIJAYAWADA,30,0,30,0.0,99.9996
742,CHENNAI,RAJKOT,MAA,,CHENNAI-RAJKOT,0,29,29,0.0,99.9996
743,DIMAPUR,LILABARI,,,DIMAPUR-LILABARI,0,29,29,0.0,99.9996
744,NAGPUR,VARANASI,NAG,VNS,NAG-VNS,0,28,28,0.0,99.9996
745,AHMEDABAD,PANTNAGAR,AMD,,AHMEDABAD-PANTNAGAR,8,18,26,0.0,99.9997
746,ALLAHABAD,JABALPUR,,,ALLAHABAD-JABALPUR,18,8,26,0.0,99.9997
747,LILABARI,ZIRO,,,LILABARI-ZIRO,3,23,26,0.0,99.9997
748,DIBRUGARH,PASIGHAT,,,DIBRUGARH-PASIGHAT,13,12,25,0.0,99.9997
749,KOLKATA,VADODARA,CCU,BDQ,CCU-BDQ,25,0,25,0.0,99.9997
750,BHUBANESWAR,KOCHI,BBI,COK,BBI-COK,12,10,22,0.0,99.9998
751,PORT BLAIR,PUNE,IXZ,PNQ,IXZ-PNQ,21,0,21,0.0,99.9998
752,DIBRUGARH,LILABARI,,,DIBRUGARH-LILABARI,12,8,20,0.0,99.9998
753,JAIPUR,LEH,JAI,IXL,JAI-IXL,0,20,20,0.0,99.9998
754,DABOLIM,VARANASI,GOI,VNS,GOI-VNS,19,0,19,0.0,99.9998
755,JABALPUR,JAIPUR,,JAI,JABALPUR-JAIPUR,19,0,19,0.0,99.9998
756,NAGPUR,TRIVANDRUM,NAG,TRV,NAG-TRV,7,12,19,0.0,99.9998
757,DURGAPUR,SRINAGAR,,SXR,DURGAPUR-SRINAGAR,0,18,18,0.0,99.9999
758,CHANDIGARH,RAIPUR,IXC,RPR,IXC-RPR,0,17,17,0.0,99.9999
759,GUWAHATI,VISAKHAPATNAM,GAU,VTZ,GAU-VTZ,0,17,17,0.0,99.9999
760,PUNE,VADODARA,PNQ,BDQ,PNQ-BDQ,17,0,17,0.0,99.9999
761,LILABARI,PASIGHAT,,,LILABARI-PASIGHAT,3,13,16,0.0,99.9999
762,ALLAHABAD,CHENNAI,,MAA,ALLAHABAD-CHENNAI,15,0,15,0.0,99.9999
763,DIMAPUR,SILCHAR,,,DIMAPUR-SILCHAR,5,8,13,0.0,99.9999
764,MANGALORE,PATNA,IXE,PAT,IXE-PAT,13,0,13,0.0,99.9999
765,JABALPUR,JODHPUR,,JDH,JABALPUR-JODHPUR,11,0,11,0.0,99.9999
766,COIMBATORE,TRIVANDRUM,CJB,TRV,CJB-TRV,0,9,9,0.0,99.9999
767,BAGDOGRA,JAIPUR,IXB,JAI,IXB-JAI,8,0,8,0.0,100.0
768,DURGAPUR,SHIRDI,,,DURGAPUR-SHIRDI,0,8,8,0.0,100.0
769,CHANDIGARH,GORAKHPUR,IXC,,CHANDIGARH-GORAKHPUR,0,6,6,0.0,100.0
770,GAYA,JAIPUR,,JAI,GAYA-JAIPUR,6,0,6,0.0,100.0
771,COIMBATORE,VARANASI,CJB,VNS,CJB-VNS,5,0,5,0.0,100.0
772,RAIPUR,VARANASI,RPR,VNS,RPR-VNS,4,1,5,0.0,100.0
773,CHENNAI,KOLHAPUR,MAA,,CHENNAI-KOLHAPUR,0,4,4,0.0,100.0
774,DIU,PUNE,,PNQ,DIU-PUNE,0,4,4,0.0,100.0
775,GORAKHPUR,SRINAGAR,,SXR,GORAKHPUR-SRINAGAR,4,0,4,0.0,100.0
776,AHMEDABAD,SURAT,AMD,STV,AMD-STV,0,3,3,0.0,100.0
777,BHUBANESWAR,DABOLIM,BBI,GOI,BBI-GOI,0,3,3,0.0,100.0
778,CHANDIGARH,JAMMU,IXC,IXJ,IXC-IXJ,3,0,3,0.0,100.0
779,DURGAPUR,LUCKNOW,,LKO,DURGAPUR-LUCKNOW,3,0,3,0.0,100.0
780,JABALPUR,RAIPUR,,RPR,JABALPUR-RAIPUR,3,0,3,0.0,100.0
781,AGARTALA,JORHAT,IXA,,AGARTALA-JORHAT,0,2,2,0.0,100.0
782,HYDERABAD,KANDLA,HYD,,HYDERABAD-KANDLA,0,2,2,0.0,100.0
783,INDORE,MADURAI,IDR,IXM,IDR-IXM,0,2,2,0.0,100.0
784,AIZAWL,SILCHAR,,,AIZAWL-SILCHAR,1,0,1,0.0,100.0
785,BHOPAL,GWALIOR,BHO,,BHOPAL-GWALIOR,1,0,1,0.0,100.0
786,MANGALORE,TRIVANDRUM,IXE,TRV,IXE-TRV,0,1,1,0.0,100.0
